id,postid,ticker,text,target_context,label,label_pred,score_pred,bucket,notes,label2
1,35401675,UNTR,"Kalau company nya bagus sih, pengendali atau ownernya juga berani ngebeliin barang terus. Indikatornya sih gtu, karena kalau pengendali sampe beli barang terus itu cost yang dia keluarin mahal. Jadi pasti mereka yakin barang murah, atau ada kepentingan.

 $UNTR 
 $AADI 
 $GGRM",kalau company nya bagus sih pengendali atau ownernya juga berani ngebeliin barang terus indikatornya sih gtu karena kalau pengendali sampe beli barang terus itu cost yang dia keluarin mahal jadi pasti mereka yakin barang murah atau ada kepentingan,bullish,bullish,1.0,bull_bear,,
2,35407221,UNTR,"$UNTR $IHSG
UNTR: BRI DANAREKSA PERTAHANKAN BUY, TARGET Rp30.600
Saham UNTR didorong sentimen positif revisi RKAB emiten tambang. BRI Danareksa Sekuritas (2/9/2026) pertahankan rekomendasi Buy, pandangan 3 bulan dinaikkan jadi Overweight.

Kinerja operasional (Juli 2026):
- Produksi batu bara PAMA: 13 juta ton (+10% MoM)
- Penjualan alat berat Komatsu: 399 unit (+31% MoM)
- Realisasi Jan-Jul: 65,2 juta ton (68% proyeksi FY26), alat berat 2.393 unit (59% proyeksi FY26)

Katalis positif:
- Revisi RKAB cenderung menaikkan kuota produksi tambang
- Cuaca lebih kering musiman → dukung produksi
- Kuota produksi tambang batu bara UNTR sendiri sudah disetujui

Risiko:
- Permukaan air Sungai Barito rendah → ganggu distribusi batu bara
- Penjualan batu bara sendiri lebih rendah dari estimasi
- Penurunan harga emas

Valuasi:P/E 12 bulan ke depan ~7,7x dinilai masih menarik, terutama karena kepemilikan investor domestik relatif rendah.",,neutral,neutral,0.0,bull_bear,repost laporan broker — repost = netral,neutral
3,35421519,UNTR,$UNTR september naik biasanya karena mau dividen..HOLD!,september naik biasanya karena mau dividen hold,bullish,bullish,1.0,bull_bear,,
4,35430584,UNTR,$UNTR gas gas gas,gas gas gas,bullish,neutral,0.0,no_hit,hype 'gas gas' gak kebaca lexicon,bullish
5,35442472,UNTR,"bertahun tahun holders $PTBA di PHPin
BLU batubara kemudian MIP yang gak ada ujungnya.

Sekarang dengan adanya BLU energi,
apakah kebijakannya bakal pro supplier domestik?

Will see...

Barito masih kering, semoga segera turun hujan di kalimantan.. Aamiinn

$AADI $UNTR",,neutral,neutral,0.0,bull_bear,,bearish
6,35443023,BBCA,$BBCA besok di banting ke 400,besok di banting ke 400,bearish,neutral,0.0,no_hit,ekspektasi dibanting,bearish
7,35443706,BBCA,$BBCA se uprit lagi yukk !,se uprit lagi yukk,bullish,neutral,0.0,no_hit,'uprit' = naik,bearish
8,35444245,BUMI,$BUMI gilaa bidnya di bikin tebel lagi di 208,gilaa bidnya di bikin tebel lagi di 208,bullish,neutral,0.0,no_hit,bid tebal = support,bullish
9,35444376,BUMI,$BUMI ini emiten kalo ara mah gila banget ya wkwkw 2-5% nya aja harus ngancurin lot sebanyak itu,ini emiten kalo ara mah gila banget ya wkwkw 2 5 nya aja harus ngancurin lot sebanyak itu,bullish,bullish,1.0,bull_bear,,
10,35444791,BBCA,"$BBCA ARAKAN SEKALI SEKALI NGAPA BANK SWASTA NI 
BANK DANAMON UDAH ARAH 
SINARMAS SUDAH 
ALLO UDAH 
TINGGAL BBCA DAN BTPS BANK SWASTA TERBESAR Yng tidak ara",arakan sekali sekali ngapa bank swasta ni bank danamon udah arah sinarmas sudah allo udah tinggal bbca dan btps bank swasta terbesar yng tidak ara,bullish,bullish,1.0,negation,,
11,35445949,BBCA,$BBCA uhuyyy ARA KAN DAARRRR,uhuyyy ara kan daarrrr,bullish,bullish,1.0,bull_bear,,
12,35446353,BBCA,$BBCA weeiiiii Kinggggg... gilaaa luuu... blom bayar deviden uda lu naikinn... double gain lahh udah.. apa lagiii,weeiiiii kinggggg gilaaa luuu blom bayar deviden uda lu naikinn double gain lahh udah apa lagiii,bullish,neutral,0.0,no_hit,puji: naikin sebelum dividen,bullish
13,35459407,INCO,"Saham $INCO
100 % produksi nikel
harga nikel kembali turum tipis 0,5 %
apakah hari ini masih nsik ? 

klo lihat broksumnya masih bagus
hari ini IHSG berpeluang masih nsik
masih ada peluang menguji dulu MA200 = 5400
sebslum koreksi

secara gambaran besar 
gak bagusnya garis uptrend support sdh patah
dan sekarang menjadi resistance baru

jika hari ini gak naik
maka akan menguji beberapa support
4880
4740
4620
4660

Sedang target ke atasnya
5050
5210
5325
5425

warramt $INCOZPCX6A
Pengungkit = 4,5x
now = 9 = 4950 = 9

4460 = 5
4620 = 6
4740 = 7
4880 = 8
4950 = 9
5050 = 10
5210 = 11
5325 = 12
5425 = 13",saham 100 produksi nikel harga nikel kembali turum tipis 0 5 apakah hari ini masih nsik klo lihat broksumnya masih bagus hari ini ihsg berpeluang masih nsik masih ada peluang menguji dulu ma200 5400 sebslum koreksi secara gambaran besar gak bagusnya garis uptrend support sdh patah dan sekarang menjadi resistance baru jika hari ini gak naik maka akan menguji beberapa support 4880 4740 4620 4660 sedang target ke atasnya 5050 5210 5325 5425 warramt,bearish,bearish,-1.0,negation,,
14,35465601,TLKM,"$TLKM waduh2 siapa tunyg buat Pagar 2630 setebel itu.
kyak ya kalo ga naik cuma 10 poin paling runtuh lagi ke bwh 😄
kgak senang amat kalo TLKM ini terbang ke 3000",waduh2 siapa tunyg buat pagar 2630 setebel itu kyak ya kalo ga naik cuma 10 poin paling runtuh lagi ke bwh kgak senang amat kalo tlkm ini terbang ke 3000,mixed,bearish,-1.0,negation,takut runtuh + harap terbang 3000,
15,35468635,ADRO,"📊 JURNAL MARKET HARIAN – Kamis, 4 September 2026

1️⃣ MARKET OVERVIEW (TOP DOWN)

IHSG ditutup naik 1,09% ke 6.667,89 pada Kamis 3/9, kenaikan harian terbaik di bursa Asia hari itu. Asing net buy Rp1,11 triliun, konsisten sepanjang minggu ini terutama di saham-saham bank BUMN. Rupiah menguat 1,9% ke Rp17.615/USD, jadi salah satu pendorong utama karena porsi saham blue chip market cap besar ikut terangkat.

Money flow asing/bandar: terkonsentrasi di BMRI (net buy terbesar dalam sehari sepanjang 2026, sekitar Rp471 miliar–Rp1,76 triliun tergantung sesi), BBCA, CPIN, ANTM, ADRO. Sementara BUMI dan BRMS masih kena distribusi asing.

Sektor dominan: perbankan BUMN (rotasi dari BBRI/BBNI yang sudah naik tinggi ke BMRI yang masih tertinggal), energi/batu bara (didorong reli harga komoditas), dan poultry (CPIN breakout resistance).

Sentimen makro: dua sisi. Positif — neraca dagang & inflasi domestik bagus awal September, RAPBN 2027 target pertumbuhan 6% sudah disepakati, downgrade outlook S&P sudah lewat, pelantikan Gubernur BI Destry Damayanti dinilai memberi sinyal kesinambungan kebijakan. Negatif — yield obligasi global melonjak tajam serentak (US 10Y +4,8% ke level tertinggi sejak awal 2025, Jepang 30Y +3% tertinggi 3 dekade, UK +5,25% tertinggi 18 tahun, Jerman +3,37% tertinggi 15 tahun, Indonesia +3% dalam sehari ke 7,2%), yang secara historis memicu capital outflow dari emerging market termasuk Indonesia. Ditambah ketegangan geopolitik AS-Iran yang masih on-off dan menekan harga minyak, serta penantian data Nonfarm Payrolls AS (Jumat ini) dan FOMC 17 September.

Risk level market: Sedang. Momentum teknikal dan akumulasi asing domestik masih solid, tapi risiko global (yield spike, NFP, geopolitik) bisa memicu koreksi tajam kalau salah satu faktor itu mengejutkan pasar.

2️⃣ SEKTOR & NARASI BESAR

Perbankan BUMN — fase rotasi/akumulasi lanjutan. BBRI dan BBNI sudah naik 32-34% dari bottom Juni, mulai kemahalan untuk entry baru dan BBRI gagal breakout resistance-nya hari ini. BMRI justru baru mulai bergerak dari MA50, dengan akumulasi asing terbesar hari itu — pola klasik ""saham laggard yang menyusul"" ketika saham leader sektornya sudah terlalu tinggi.

Batu bara — fase breakout structure. Harga batu bara Newcastle naik ~15% dalam sebulan, menyentuh level tertinggi 2 bulan, didorong faktor El Nino (ganggu distribusi kapal), restocking China & India (produksi batu bara China turun ke level terendah hampir 5 tahun), serta kebutuhan musim dingin Eropa. PTBA, ADRO, AADI, DSSA, CUAN semua breakout resistance dengan volume institusi besar. Risikonya: reli ini banyak ditopang sentimen geopolitik minyak yang sifatnya belum tentu permanen.

Bakrie Group (BUMI, BRMS, ENRG) — masih sideways/distribusi, spekulatif. Ada isu buyback 62% saham Bumi Resources oleh Haji Isam yang jadi katalis tersendiri, tapi bid-nya kecil. Bukan fase akumulasi yang solid, lebih ke watch-list.

Poultry — CPIN breakout MA50 dan resistance 3.120 dengan volume dan net buy asing besar, jadi top gainer LQ45 hari itu.

Energi migas & tema kunjungan Prabowo-Putin — ENRG, PGEO, TLKM, ISAT disebut berpotensi diuntungkan dari pembahasan kerja sama energi, nuklir, dan teknologi digital. Tapi ini masih tema naratif/katalis, belum terkonfirmasi kuat secara teknikal — perlu dipantau lanjut, belum layak masuk top ranking.

3️⃣ RINGKASAN SAHAM YANG BANYAK DIBICARAKAN

BMRI — Trend Structure: baru breakout dari sideways MA50, masih paling tertinggal di antara big banks. Valuasi: PER ~6,5x, masih moderat dibanding BBCA/BBRI. Money Flow: net buy asing terbesar di antara semua saham hari itu. Katalis: rotasi sektor perbankan, rupiah menguat, ROE 22%+. Risiko: laju kenaikan bisa tertahan kalau yield global terus naik dan asing balik keluar dari EM. Bias: Bullish.

BBCA — Trend Structure: breakout tipis di atas 6.725, masih dalam uptrend. Valuasi: relatif mahal dibanding BMRI. Money Flow: net buy asing konsisten (~Rp207-316 miliar per hari). Katalis: rotasi bank BUMN + swasta blue chip. Risiko: sudah naik cukup jauh, ruang upside lebih terbatas dibanding BMRI. Bias: Bullish.

BBRI — Trend Structure: sudah naik 32%+ dari bottom Juni, gagal breakout resistance, gap sudah tertutup. Valuasi: mulai mahal untuk entry baru. Money Flow: net buy menipis (indikasi sebagian sudah profit taking). Katalis: rotasi sektor. Risiko: rawan koreksi/profit taking jangka pendek. Bias: Neutral (hold, bukan entry baru).

BBNI — Trend Structure: breakout di atas 3.900-3.990 setelah sideways sebulan lebih. Valuasi: sudah naik 32% dari bottom. Money Flow: net buy asing cukup besar hari itu. Katalis: rotasi sektor. Risiko: mendekati resistance psikologis 4.000. Bias: Bullish terbatas (tunggu konfirmasi breakout 4.000).

PTBA — Trend Structure: breakout kuat di atas 2.850 (resistance jadi support), candle hijau berturut-turut. Valuasi: didukung earnings solid. Money Flow: top gainer LQ45, volume besar. Katalis: reli harga batu bara global yang masih berlanjut. Risiko: sudah naik tinggi dalam waktu singkat, rawan normal correction ke area support. Bias: Bullish.

ADRO (Alamtri) — Trend Structure: re-akumulasi setelah sempat kena ""gocekan"" turun beberapa hari lalu, breakout struktur higher-low. Valuasi: menarik untuk swing dengan R:R sekitar 1:2. Money Flow: net buy asing kembali besar setelah net sell kemarin. Katalis: reli harga batu bara. Risiko: gap down lama yang belum tertutup, indikasi volatilitas swing masih tinggi. Bias: Bullish.

AADI — Trend Structure: breakout dari sideways lama, sudah naik signifikan dari harga bottom. Valuasi: sektor coal spin-off, masih relatif likuid untuk swing. Money Flow: institusi besar masuk, bukan sekadar ritel. Katalis: sama seperti PTBA/ADRO — reli harga batu bara. Risiko: sudah masuk fase kenaikan lanjutan (anak tangga ke-4), risiko lebih tinggi untuk entry baru. Bias: Bullish terbatas — tunggu retracement.

CUAN — Trend Structure: strong bullish berkelanjutan, tapi area saat ini nanggung karena dekat resistance/pucuk sebelumnya. Valuasi: tidak murah lagi, sudah dalam fase markup lanjutan. Money Flow: broker besar masih ada yang keluar, distribusi tipis. Katalis: tema komoditas & tambang. Risiko: rawan koreksi wajar karena sudah hijau berturut-turut tanpa jeda. Bias: Neutral (hold, hati-hati entry baru).

DSSA — Trend Structure: strong bullish, tapi area sangat nanggung/pucuk. Valuasi: mahal untuk level saat ini. Money Flow: campuran — ada distribusi dari satu broker besar, tapi broker lain re-entry. Katalis: tema batu bara & energi grup Sinar Mas. Risiko: berpotensi koreksi ke area support 1.150–1.090 sebelum lanjut naik. Bias: Neutral-Bullish (tunggu retracement).

BUMI — Trend Structure: masih sideways, belum breakout jelas. Valuasi: spekulatif, terkait sentimen grup Bakrie. Money Flow: masih net sell/distribusi asing. Katalis: isu buyback 62% saham oleh Haji Isam. Risiko: bid buyback kecil, momentum belum solid. Bias: Neutral (watchlist, bukan entry).

BRMS — Trend Structure: sideways setelah profit taking dari swing sebelumnya. Valuasi: spekulatif (tambang emas). Money Flow: masih net sell asing. Katalis: sentimen emas & grup Bakrie. Risiko: momentum belum terkonfirmasi ulang. Bias: Neutral (watchlist).

ANTM — Trend Structure: masih sideways, pola Bollinger Band mulai menyempit (potensi breakout dua arah). Valuasi: menarik — utang sangat rendah (DER 0,04), cash besar. Money Flow: net buy asing hari itu (+3,9%). Katalis: tema emas & nikel BUMN. Risiko: history saham BUMN rawan sentimen negatif mendadak. Bias: Neutral-Bullish (tunggu breakout upper band ~3.220).

ERAA (Erajaya) — Trend Structure: naik tajam 14%+ pasca cum dividen, area sangat ekstensi. Valuasi: murah secara rasio (PER ~6x, PBV ~1x), tapi kuartal terakhir stagnan. Money Flow: akumulasi asing, distribusi ritel. Katalis: dividen + capital gain momentum. Risiko: sangat rawan profit taking karena naik terlalu cepat dalam sehari. Bias: Avoid untuk entry baru — tunggu retracement signifikan.

4️⃣ TOP RANKING BULLISH POTENTIAL (SWING–MID TERM)

#1 – $BMRI (Bank Mandiri)
Alasan: satu-satunya big bank BUMN yang belum breakout jauh dari MA50 sementara BBRI, BBNI, BBCA sudah lebih dulu bergerak — klasik pola rotasi ""laggard menyusul"". Net buy asing hari itu terbesar sepanjang 2026 untuk saham ini. Struktur teknikal breakout dari sideways dengan resistance terdekat di 4.520, dan jika tembus, ruang menuju 4.730–4.880 masih terbuka. Fundamental didukung ROE di atas 20% dan valuasi PER ~6,5x yang masih tergolong moderat. Risk/reward menarik karena support di 4.320 relatif tidak jauh dari harga saat ini.

#2 – $PTBA (Bukit Asam)
Alasan: breakout kuat di atas 2.850 yang langsung menjadi support baru, didukung reli harga batu bara global (+15% sebulan) akibat kombinasi faktor cuaca, restocking China-India, dan musim dingin Eropa. Volume institusi besar mengonfirmasi ini bukan sekadar spekulasi ritel. Risikonya normal correction jangka pendek karena kenaikan sudah signifikan, tapi selama bertahan di atas 2.830 struktur bullish masih valid dengan potensi lanjutan ke 2.960 dan seterusnya.

#3 – $ADRO (Alamtri/Adaro)
Alasan: re-akumulasi asing yang kuat setelah shakeout ritel beberapa hari sebelumnya — pola klasik ""gocekan asing"" untuk kumpulkan barang di harga bawah. Risk/reward tergolong baik (sekitar 1:2) dengan support di 2.650 dan target bertahap ke 2.960–2.970. Katalis sama dengan PTBA yaitu reli harga batu bara, dengan tambahan bahwa gap down lama yang belum tertutup memberi ruang upside tambahan jika tren berlanjut.

#4 – CPIN (Charoen Pokphand)
Alasan: breakout resistance 3.120/MA50 dengan volume dan net buy asing besar, menjadikannya top gainer LQ45. Sektor poultry jarang jadi sorotan bandarmology sebesar ini, jadi ketika terjadi, biasanya menandakan minat institusi yang genuine, bukan sekadar euforia sesaat.

#5 – BBCA (Bank Central Asia)
Alasan: bagian dari tema rotasi perbankan yang sama dengan BMRI, dengan breakout tipis di atas 6.725 dan net buy asing konsisten harian. Valuasinya memang sudah lebih mahal dibanding BMRI sehingga ruang upside secara persentase lebih terbatas, tapi historically BBCA salah satu yang paling konsisten diakumulasi ketika asing kembali ke Indonesia.

5️⃣ STRATEGI PRAKTIS SAYA

Skenario terbaik: yield obligasi global mereda, data NFP Jumat ini tidak terlalu kuat (mendukung The Fed lebih dovish), asing terus masuk ke saham-saham fundamental bagus. IHSG bisa menutup gap ke 6.733–6.858 dan rotasi dari big bank leader ke laggard (BMRI) serta sektor komoditas terus berlanjut.

Skenario terburuk: yield global terus naik tajam memicu capital outflow dari emerging market, ditambah data NFP yang kuat membuat ekspektasi suku bunga The Fed naik. IHSG bisa terkoreksi ke area support 6.551–6.454, dan saham-saham yang sudah naik tinggi (BBRI, BBNI, ERAA, CUAN) paling rentan profit taking dalam.

Lebih cocok untuk: swing trading dengan horizon beberapa minggu untuk BMRI, PTBA, ADRO, CPIN yang baru mulai bergerak dari fase akumulasi. Untuk BBCA dan mid-term holder saham bank yang sudah naik tinggi (BBRI, BBNI), lebih cocok hold sambil pasang trailing stop daripada nambah posisi baru.

Beberapa level untuk pertimbangan scale-in (bukan area ideal, DYOR): BMRI di sekitar 4.320-4.360; PTBA di sekitar 2.830-2.860; ADRO di sekitar 2.650-2.700; CPIN di sekitar 3.050-3.120.

Beberapa level target take profit bertahap: BMRI 4.520 lalu 4.730-4.880; PTBA 2.960 lalu ke atasnya; ADRO 2.960-2.970; CPIN mengikuti struktur breakout lanjutan menuju resistance berikutnya.

6️⃣ INSIGHT TAMBAHAN DARI PROFESIONAL MARKET

Prinsip Wyckoff — pola rotasi BMRI hari ini adalah contoh klasik fase re-akumulasi di dalam sektor yang sudah uptrend: ketika leader (BBRI, BBNI) sudah markup jauh, smart money biasanya berpindah ke laggard yang valuasinya masih relatif diskon.

Prinsip trend following — untuk sektor batu bara (PTBA, ADRO, AADI), pola higher-high/higher-low yang terbentuk beberapa kali gagal breakout sebelum akhirnya tembus biasanya justru memperkuat validitas breakout tersebut, karena level resistance sudah ""diuji"" berulang kali sebelum ditembus dengan volume besar.

Psikologi market — hindari FOMO mengejar saham yang sudah naik >20-30% dari bottom (BBRI, BBNI, ERAA). Data menunjukkan investor yang telat masuk di harga sudah mahal biasanya jadi pihak yang menyediakan likuiditas keluar untuk yang sudah profit duluan.

7️⃣ KESIMPULAN STRATEGIS HARI INI

Market ini masuk kategori Selektif, dengan bias net bullish. Bukan saatnya agresif all-in karena ada risiko global yang cukup besar dari lonjakan yield obligasi dan penantian NFP, tapi juga bukan saatnya wait and see total karena akumulasi asing domestik di saham-saham fundamental bagus (terutama BMRI, PTBA, ADRO, CPIN) masih sangat solid. Fokus ke saham yang baru mulai bergerak dari fase akumulasi, hindari kejar saham yang sudah ekstensi tinggi, dan siapkan mental untuk volatilitas tambahan menjelang FOMC 17 September.

⚠️ Disclaimer: Analisis ini disusun untuk kebutuhan Swing Trading dan Mid-Term Investing yang berfokus pada pergerakan harga beberapa hari hingga beberapa bulan. Bukan rekomendasi Day Trading atau Scalping. Bukan ajakan beli/jual instan. Tidak bertujuan mencari cuan harian atau memprediksi setiap pergerakan intraday. Selalu lakukan riset mandiri (DYOR) dan gunakan manajemen risiko.",alamtri adaro alasan re akumulasi asing yang kuat setelah shakeout ritel beberapa hari sebelumnya pola klasik gocekan asing untuk kumpulkan barang di harga bawah risk reward tergolong baik sekitar 1 2 dengan support di 2 650 dan target bertahap ke 2 960 2 970 katalis sama dengan ptba yaitu reli harga batu bara dengan tambahan bahwa gap down lama yang belum tertutup memberi ruang upside tambahan jika tren berlanjut 4 cpin charoen pokphand alasan breakout resistance 3 120 ma50 dengan volume dan net buy asing besar menjadikannya top gainer lq45 sektor poultry jarang jadi sorotan bandarmology sebesar ini jadi ketika terjadi biasanya menandakan minat institusi yang genuine bukan sekadar euforia sesaat 5 bbca bank central asia alasan bagian dari tema rotasi perbankan yang sama dengan bmri dengan breakout tipis di atas 6 725 dan net buy asing konsisten harian valuasinya memang sudah lebih mahal dibanding bmri sehingga ruang upside secara persentase lebih terbatas tapi historically bbca salah satu yang paling konsisten diakumulasi ketika asing kembali ke indonesia 5 strategi praktis saya skenario terbaik yield obligasi global mereda data nfp jumat ini tidak terlalu kuat mendukung the fed lebih dovish asing terus masuk ke saham saham fundamental bagus ihsg bisa menutup gap ke 6 733 6 858 dan rotasi dari big bank leader ke laggard bmri serta sektor komoditas terus berlanjut skenario terburuk yield global terus naik tajam memicu capital outflow dari emerging market ditambah data nfp yang kuat membuat ekspektasi suku bunga the fed naik ihsg bisa terkoreksi ke area support 6 551 6 454 dan saham saham yang sudah naik tinggi bbri bbni eraa cuan paling rentan profit taking dalam lebih cocok untuk swing trading dengan horizon beberapa minggu untuk bmri ptba adro cpin yang baru mulai bergerak dari fase akumulasi untuk bbca dan mid term holder saham bank yang sudah naik tinggi bbri bbni lebih cocok hold sambil pasang trailing stop daripada nambah posisi baru beberapa level untuk pertimbangan scale in bukan area ideal dyor bmri di sekitar 4 320 4 360 ptba di sekitar 2 830 2 860 adro di sekitar 2 650 2 700 cpin di sekitar 3 050 3 120 beberapa level target take profit bertahap bmri 4 520 lalu 4 730 4 880 ptba 2 960 lalu ke atasnya adro 2 960 2 970 cpin mengikuti struktur breakout lanjutan menuju resistance berikutnya 6 insight tambahan dari profesional market prinsip wyckoff pola rotasi bmri hari ini adalah contoh klasik fase re akumulasi di dalam sektor yang sudah uptrend ketika leader bbri bbni sudah markup jauh smart money biasanya berpindah ke laggard yang valuasinya masih relatif diskon prinsip trend following untuk sektor batu bara ptba adro aadi pola higher high higher low yang terbentuk beberapa kali gagal breakout sebelum akhirnya tembus biasanya justru memperkuat validitas breakout tersebut karena level resistance sudah diuji berulang kali sebelum ditembus dengan volume besar psikologi market hindari fomo mengejar saham yang sudah naik 20 30 dari bottom bbri bbni eraa data menunjukkan investor yang telat masuk di harga sudah mahal biasanya jadi pihak yang menyediakan likuiditas keluar untuk yang sudah profit duluan 7 kesimpulan strategis hari ini market ini masuk kategori selektif dengan bias net bullish bukan saatnya agresif all in karena ada risiko global yang cukup besar dari lonjakan yield obligasi dan penantian nfp tapi juga bukan saatnya wait and see total karena akumulasi asing domestik di saham saham fundamental bagus terutama bmri ptba adro cpin masih sangat solid fokus ke saham yang baru mulai bergerak dari fase akumulasi hindari kejar saham yang sudah ekstensi tinggi dan siapkan mental untuk volatilitas tambahan menjelang fomc 17 september disclaimer analisis ini disusun untuk kebutuhan swing trading dan mid term investing yang berfokus pada pergerakan harga beberapa hari hingga beberapa bulan bukan rekomendasi day trading atau scalping bukan ajakan beli jual instan tidak bertujuan mencari cuan harian atau memprediksi setiap pergerakan intraday selalu lakukan riset mandiri dyor dan gunakan manajemen risiko,neutral,bullish,0.92,negation,repost jurnal market — FP lexicon ('naik' = IHSG bukan ADRO),
16,35469741,TLKM,$TLKM IHSG naik dia gerak jalan IHSG turun ikut ndolosor,ihsg naik dia gerak jalan ihsg turun ikut ndolosor,bearish,neutral,0.0,bull_bear,lemah dua arah,bearish
17,35471743,TLKM,$TLKMZPCV6A angkat anaknya ndar 🚀 $TLKM,zpcv6a angkat anaknya ndar,bullish,neutral,0.0,no_hit,angkat anaknya,bullish
18,35472329,ADRO,"jgn takut $TEBE $ADRO $BYAN
https://www.kabarbursa.com/market-hari-ini/ihsg-tancap-gas-ke-level-6700-deretan-saham-ini-jadi-motor-penggerak",,bullish,neutral,0.0,no_hit,'jgn takut' = reassurance,bullish
19,35472355,INCO,$INCO tunjukan pesonamu,tunjukan pesonamu,bullish,neutral,0.0,no_hit,harap perform,bullish
20,35472412,BBCA,$BBCA Ayolah bca jemput 7000 ku sudah setahun ngekos wkwkwkwk,ayolah bca jemput 7000 ku sudah setahun ngekos wkwkwkwk,neutral,neutral,0.0,no_hit,"stuck 1 thn, tanpa arah",bullish
21,35474292,BBCA,"Bandar Saham adalah pihak bermodal raksasa (institusi atau individu) yang volume transaksinya sangat besar sehingga mampu mengendalikan dan menggerakkan arah harga suatu emiten.

Sisi Baik (Peran Positif)

Penyedia Likuiditas: Memastikan saham tersebut ramai dan aktif. Pesanan beli dan jual selalu tersedia, sehingga investor ritel mudah mencairkan sahamnya menjadi uang kapan saja.

Pencipta Tren: Menjadi motor penggerak harga. Tanpa mereka, sebuah saham bisa stagnan atau ""tidur"" bertahun-tahun sehingga tidak memberikan peluang keuntungan.

Sisi Buruk & Realita Manipulasi Pasar

Motif Keuntungan Sepihak: Banyak bandar (terutama di saham-saham lapis ketiga) yang tujuannya murni mencari untung dari kerugian orang lain dengan cara memanipulasi harga, atau biasa disebut ""menggoreng saham"".

Skema Pump and Dump: Mereka memanipulasi pasar dengan memborong saham agar harganya naik tajam dan terlihat menarik. Tujuannya memancing euforia dan keserakahan (FOMO) investor ritel agar ikut membeli.

Menjebak Investor Ritel: Saat investor kecil berbondong-bondong masuk di harga puncak, bandar langsung menjual seluruh kepemilikan sahamnya secara masif (buang barang). Akibatnya, harga langsung anjlok parah dan investor ritel terjebak kerugian besar (""nyangkut"" atau ""cuci piring"").

$IHSG $BBCA $TLKM",,neutral,neutral,0.0,bull_bear,edukasi bandar,neutral
22,35475629,GOTO,"$GOTO $IHSG
TOLONG RAMAIKAN, BIAR BANDAR LIHAT INI
WKWKWKWK",,neutral,neutral,0.0,no_hit,,bullish
23,35476544,BMRI,$BMRI disabari aja paling Senin/Selasa nanti semoga sdh ada info cum date 66rupiahnya,disabari aja paling senin selasa nanti semoga sdh ada info cum date 66rupiahnya,neutral,neutral,0.0,no_hit,nunggu cum date,bullish
24,35477689,INCO,"Rupiah makin menguat vs USD, sekarang @17,620 IDR/USD, terkuat dalam 5 bulan terakhir. Ayo...mari bayar utang USD 🤫
$INCO $MAPI",rupiah makin menguat vs usd sekarang 17 620 idr usd terkuat dalam 5 bulan terakhir ayo mari bayar utang usd,neutral,neutral,0.0,no_hit,joke makro,neutral
25,35477754,BUMI,$BUMI rawat inap dulu Minggu ini karna ga mungkin beli ijo jual merah,rawat inap dulu minggu ini karna ga mungkin beli ijo jual merah,neutral,neutral,0.0,bull_bear,,bearish
26,35477956,BUMI,"$DSSA $BUMI yng lain merah, duo ini sisiran cantik dulu",yng lain merah duo ini sisiran cantik dulu,bearish,bearish,-1.0,bull_bear,'sisiran' = diturunin,
27,35478688,ADRO,"Inget kebanyakan AIUEO nanti ketinggalan kereta nangis loh
Invest yg yg mudah dipelajari aja

Dilihat dari table pun msh OK
PE DER EV

 $BSSR
Tag $ADRO $ITMG",,bullish,neutral,0.0,no_hit,fundamental masih OK,neutral
28,35478929,BMRI,CUMAN SAHAM $BMRI YANG BERANI KASIH DIVIDEN 3X DALAM 1 TAHUN DI 2026. MANTAP GA TUH. CUAN CUAN CUAN.,cuman saham yang berani kasih dividen 3x dalam 1 tahun di 2026 mantap ga tuh cuan cuan cuan,bullish,bullish,0.5,negation,,
29,35479520,UNTR,"$UNTR 03 Sep 26
Investor: UNITED TRACTORS
Action: BUY
Shares Traded: +386,400 (+0.0104%)
Current: 286,469,500 (7.6799%)
Previous: 286,083,100 (7.6695%)
Broker: -
Investor Type: Domestic
Source: KSEI",03 sep 26 investor united tractors action buy shares traded 386 400 0 0104 current 286 469 500 7 6799 previous 286 083 100 7 6695 broker investor type domestic source ksei,neutral,bullish,1.0,bull_bear,repost data KSEI — FP ('BUY' milik broker),
30,35479837,BBCA,"@senji93 Koreksi sehat 🤭. 


Rt $IHSG $BBRI $BBCA",,bullish,neutral,0.0,bull_bear,'koreksi sehat' = bullish spin,neutral
31,35480072,BBRI,$BBRI naik ngesot turun longsor 😭,naik ngesot turun longsor,bearish,neutral,0.0,bull_bear,naik ngesot turun longsor — lexicon cancel,bearish
32,35480084,BBRI,"$NPGF izin di pantau ya gaes ya🤫, nitip dong $BIPI $BBRI",,neutral,neutral,0.0,no_hit,,neutral
33,35480308,GOTO,"Dari postingan stream $GOTO banyak yg menawar harga di rentang 20 sampai 30 rupiah per lembarnya. Yg berharap GOTO sampe turun ke 1 rupiah itu sangatlah mustahil, itu mimpi yg sangat indah klo beneran ke 1 rupiah, yg pasti cuma bekal 100rb udah pny 1000 lot, siapa yg nggak mau? saya juga mau beli murah dapet banyak. 

Tapi, harga yg masuk akal itu ketika terjadi keseimbangan antara harga tawar di jual dan beli. Semua tergantung suplai dan permintaan. Masih banyak yg pingin beli di harga kisaran 20 sampai 30 rupiah. Tapi masih banyak yg mau jual di 50, liat saja antriannya, ibarat mau berak tapi belum bisa keluar, mirip proses konstipasi. 

Akhir bulan September, entah di minggu 3 atau 4, jika beneran di buka gembok 50 rupiah, mungkin terjadi mencret besar-besaran sampai angka trilliunan. Terjadi badai mencret! Setelah badai terjadi, perut pencernaan GOTO akan membaik, mungkin dikisaran 25-35 rupiah. Yg penting ta1-ta1 yg nggak sehat macem MESOP dll kudu dikeluarin dulu.

Saran saya beli GOTO setelah gembok 50 rupiah dibuka, cari harga termurah. Biarkan ta1-ta1 MESOP dkk keluar dulu. 
Mereka yg menikmati keuntungan dr MESOP akan kena diare seumur hidup sampai 7 turunan karena makan uang para kaum ritel. 

$IHSG $ARTO",dari postingan stream banyak yg menawar harga di rentang 20 sampai 30 rupiah per lembarnya yg berharap goto sampe turun ke 1 rupiah itu sangatlah mustahil itu mimpi yg sangat indah klo beneran ke 1 rupiah yg pasti cuma bekal 100rb udah pny 1000 lot siapa yg nggak mau saya juga mau beli murah dapet banyak tapi harga yg masuk akal itu ketika terjadi keseimbangan antara harga tawar di jual dan beli semua tergantung suplai dan permintaan masih banyak yg pingin beli di harga kisaran 20 sampai 30 rupiah tapi masih banyak yg mau jual di 50 liat saja antriannya ibarat mau berak tapi belum bisa keluar mirip proses konstipasi akhir bulan september entah di minggu 3 atau 4 jika beneran di buka gembok 50 rupiah mungkin terjadi mencret besar besaran sampai angka trilliunan terjadi badai mencret setelah badai terjadi perut pencernaan goto akan membaik mungkin dikisaran 25 35 rupiah yg penting ta1 ta1 yg nggak sehat macem mesop dll kudu dikeluarin dulu saran saya beli goto setelah gembok 50 rupiah dibuka cari harga termurah biarkan ta1 ta1 mesop dkk keluar dulu mereka yg menikmati keuntungan dr mesop akan kena diare seumur hidup sampai 7 turunan karena makan uang para kaum ritel,neutral,neutral,0.0,negation,"ambigu, teks terpotong",neutral
34,35480606,BUMI,"$CUAN $BUMI $BRPT
foreign sell",,bearish,neutral,0.0,bull_bear,sinyal foreign sell,neutral
35,35480825,BBCA,"Update Transaksi Mid Day IHSG: Net Foreign Buy Muncul, tetapi Masih Terasa Kecil

Memasuki mid day perdagangan Jumat, 4 September 2026, IHSG masih berada dalam kondisi yang relatif sehat meskipun mengalami pelemahan tipis. IHSG berada di level 6.660,79, turun 7,10 poin atau 0,11%. Sebelumnya IHSG sempat dibuka di 6.695,70, bahkan menyentuh level tertinggi 6.704,12, sebelum akhirnya terkoreksi hingga menyentuh 6.637,48. Artinya, tekanan jual memang sempat cukup terasa, tetapi IHSG berhasil melakukan rebound dan bertahan di sekitar 6.660-an.

Salah satu hal yang menarik adalah mulai munculnya net foreign buy, meskipun nilainya masih terasa kecil. Hingga sesi pertama, transaksi asing mencatat foreign buy Rp2,10 triliun dan foreign sell Rp1,97 triliun, sehingga menghasilkan net foreign buy sekitar Rp124,85 miliar. Menurut saya, angka ini belum bisa disebut sebagai arus dana asing yang benar-benar kuat. Namun, setidaknya kondisi ini lebih positif dibandingkan ketika IHSG naik tetapi justru dibarengi net foreign sell yang besar.

Dari sisi teknikal, pergerakan hari ini juga cukup menarik. Setelah IHSG sebelumnya ditutup hijau, hari ini IHSG kembali mengalami koreksi tipis. Pola seperti ini menurut saya bukan sesuatu yang perlu langsung dikhawatirkan. Justru bisa saja IHSG sedang mengambil napas atau mengisi tenaga setelah kenaikan beberapa hari terakhir. Selama penurunan hanya tipis dan tidak disertai tekanan jual besar, peluang untuk kembali melanjutkan kenaikan pada perdagangan berikutnya masih terbuka.

Yang paling menarik justru adalah volume transaksi pada sesi pertama. Nilai transaksi sudah mencapai sekitar Rp8,28 triliun, sementara volume berada di sekitar 219,12 juta lot. Apabila aktivitas perdagangan tetap tinggi hingga penutupan, tetapi IHSG mampu bertahan di atas area MA5 dan Mid Bollinger Band, menurut saya struktur bullish jangka pendek masih cukup terjaga. Bahkan, jika kondisi tersebut bertahan sampai akhir pekan, bukan tidak mungkin minggu depan IHSG kembali mencoba melanjutkan kenaikannya.

Namun, ada satu kondisi yang menurut saya harus benar-benar diwaspadai. Bukan sekadar IHSG merah, tetapi apabila nantinya muncul volume besar yang disertai penurunan tajam, kemudian IHSG sampai kehilangan MA5 dan akhirnya menembus Mid Bollinger Band. Situasi seperti itu akan jauh berbeda dengan koreksi tipis hari ini karena bisa menjadi indikasi bahwa tekanan jual mulai meningkat dan momentum kenaikan mulai kehilangan tenaga.

Sementara itu, indikator MACD masih terlihat positif, dengan garis MACD berada di atas signal line dan histogram masih berada di area positif. Stochastic juga masih berada di area tinggi, meskipun perlu diperhatikan karena sudah mendekati zona overbought. Jadi untuk saat ini belum terlihat sinyal pembalikan yang benar-benar kuat. Kesimpulannya, menurut saya jangan terlalu panik hanya karena IHSG merah satu hari. Prinsipnya masih sama: selama IHSG mampu bertahan di atas MA5 dan Mid Bollinger Band, kita masih bisa hold dan memberikan ruang bagi tren naik untuk berlanjut. Yang perlu membuat kita waspada bukan warna merahnya, tetapi volume besar + penurunan tajam + jebolnya support teknikal.

$BMRI $BBCA $BBRI",,neutral,neutral,0.0,negation,rekap pasar repost,neutral
36,35480909,ANTM,dibuang lagi $ANTM kemarin di akum sedikit sekarang dibuang,dibuang lagi kemarin di akum sedikit sekarang dibuang,bearish,neutral,0.0,no_hit,,bearish
37,35481095,BBCA,"2 Hari kemarin asing net buy, hari ini sesi 1 asing net buy lagi.
Emang intinya main di saham2 yang asingnya ngumpulin aja, asing jangan sampe ketinggalan kereta kali ini semuanya naik tapi saham kamu stagnan  😆. Cek pergerakan asing di idx radar.

 $BBCA 
 $COCO 
 $SINI",2 hari kemarin asing net buy hari ini sesi 1 asing net buy lagi emang intinya main di saham2 yang asingnya ngumpulin aja asing jangan sampe ketinggalan kereta kali ini semuanya naik tapi saham kamu stagnan cek pergerakan asing di idx radar,bullish,bullish,1.0,bull_bear,,
38,35481134,BUMI,"Market kl sideways itu momen tepat untuk akumulasi kl tren masih bagus...kalian mau beli hari ini lngsung kaya hari ini jg ya jangan mimpi gaes

$COCO$BUMI$CUAN",,bullish,neutral,0.0,bull_bear,,bullish
39,35481485,GOTO,"ada yang mau lepas $GOTO  di price 25 ? gw siap angkut 😘😘😘
toh dripada drag porto kalian merah tanpa kepastian 🫠🫠🫠",ada yang mau lepas di price 25 gw siap angkut toh dripada drag porto kalian merah tanpa kepastian,bullish,bearish,-1.0,bull_bear,mau angkut @25 = akumulasi — lexicon kebalik (lepas/merah),
40,35481515,BBCA,"🚨 BURSA TEGUR 199 EMITTEN BELUM SETOR LAPKEU SEMESTER I-2026! 106 Kena SP1, 93 Emiten Pilih Diaudit/Ditelaah!”
by mancingsaham Academy

Halo Sobat Cuan! Peringatan penting dari regulator pasar modal kembali meniupkan peluit disiplin! Bursa Efek Indonesia (BEI) secara resmi merilis daftar perusahaan tercatat yang belum menyampaikan Laporan Keuangan (Lapkeu) Interim per 30 Juni 2026 hingga batas waktu deadline 31 Juli 2026.

Berdasarkan pengumuman BEI No. Peng-S-00027/BEI.PP1/08-2026 yang terbit pada Jumat (21 Agustus 2026):
1. Rasio Kepatuhan Emiten: Dari total 956 emiten yang wajib menyampaikan laporan, sebanyak 757 emiten telah menyampaikan laporan tepat waktu. Sementara itu, 199 emiten tercatat menunggak penyampaian.
2. Kategori 1 (106 Emiten Kena SP1): Belum menyampaikan Lapkeu yang tidak ditelaah/diaudit. BEI resmi menjatuhkan sanksi Peringatan Tertulis I (SP1). Beberapa kode emiten dalam jajaran ini antara lain ALTO, BEBS, CBRE, COAL, FAST, MDIA, PMMP, SRIL, TELE, VIVA, WEGE, dan lainnya.
3. Kategori 2 (53 Emiten Ditelaah Terbatas): Menyampaikan konfirmasi akan melaporkan Lapkeu dengan proses Limited Review (Ditelaah Terbatas oleh Akuntan Publik) sehingga mendapat tambahan waktu. Jajaran ini mencakup emiten lapis satu dan komoditas seperti ADRO, ADMR, ANTM, BBNI, BMRI, BNGA, BRIS, EMAS, ITMG, JSMR, PGAS, PTBA, UNTR, WIKA.
4. Kategori 3 (40 Emiten Diaudit Penuh): Menyampaikan konfirmasi akan melaporkan Lapkeu dengan proses Full Audit oleh Akuntan Publik. Jajaran emiten skala besar di grup ini antara lain AMMN, BBRI, DEWA, DSSA, EXCL, MBMA, MDKA, MEDC, PGIO, PTRO.
5. Emiten Tahun Buku Berbeda: Terdapat 6 emiten yang telah patuh menyampaikan laporan sesuai periode siklusnya (AMIN, HEXA, IKBI, AMOR, CANI, RIGS).

Analis Sisi Bandar mengingatkan investor untuk membedakan antara emiten kena sanksi dengan emiten yang memilih *Audit/Limited Review. Keterlambatan emiten Kategori 1 (106 emiten SP1) wajib diwaspadai karena berindikasi masalah tata kelola (*governance) atau operasional. Sebaliknya, keterlambatan emiten Kategori 2 dan 3 (Big Caps seperti BBRI, BMRI, ADRO, AMMN, PTRO) bersifat wajar karena perusahaan sengaja diaudit untuk kepentingan transparansi, aksi korporasi, atau restrukturisasi strategis. Yuk, kita bedah draf kategori emiten, peta risikonya, hingga taktik memancing saham agar portofoliomu tetap cuan!

1️⃣ Bedah Data Rincian Status Lapkeu Semester I-2026
Mari kita pelototi draf rincian parameter kepatuhan emiten per akhir Agustus 2026 ini agar analisismu tetap presisi:
* Rincian Parameter Kepatuhan Emiten (Agustus 2026):
* Total Emiten Wajib Lapor: 956 Perusahaan.
* Sudah Setor Tepat Waktu: 757 Emiten (79,18%).
* Belum Setor / Terlambat: 199 Emiten (20,82%).

* Pengelompokan & Status Kategori:
* Kategori SP1 (106 Emiten): Tanpa Audit / Review (Resiko Governan / Potensi Suspensi jika berlanjut).
* Kategori Review Terbatas (53 Emiten): Proses Limited Review (Perbankan & Komoditas Utama: BBNI, BMRI, ADRO, ANTM, PGAS).
* Kategori Full Audit (40 Emiten): Proses Audit Akuntan Publik (Emiten Raksasa/Konglomerasi: BBRI, AMMN, DSSA, MDKA, PTRO).

🛠️ Taktik Tempur Memancing Saham: Mengawal Rilis Lapkeu & Disiplin Seleksi
Rilis data kepatuhan laporan keuangan ini memberikan navigasi penting untuk menyaring saham mana yang aman dikoleksi dan mana yang harus dihindari. Pasang kuda-kuda trading terukur di aplikasimu:
▪️ Taktik 1: Bersihkan Portofolio dari Emiten Bermasalah (Kategori SP1)
Cermati daftar 106 emiten yang terkena SP1. Rem dulu jempol baper gatalmu dari tergiur spekulasi pada saham-saham SP1 yang harganya tampak 'murah' tapi minim transparansi. Risiko kecermatan laporan dan sanksi lanjutan (SP2, SP3, hingga Notasi Khusus/Suspensi) sangat tinggi!

▪️ Taktik 2: Cermati Potensi 'Surprise Earnings' pada Saham Audit/Review
Emiten-emiten blue chip dan growth play di Kategori 2 dan 3 (seperti BBRI, BMRI, AMMN, PTRO, MDKA) yang sedang diaudit sering kali menahan rilis data untuk merapikan pembukuan aksi korporasi atau konsolidasi anak usaha. Pantau jadwal rilisnya untuk memanfaatkan momentum earnings bounce.

▪️ Taktik 3: Selaraskan 'Position Sizing' Terukur demi Menjaga RDN
Di tengah penantian rilis resmi kinerja keuangan pertengahan tahun, manajemen risiko adalah benteng utama. Terapkan alokasi modal terdisiplin: alokasikan porsi modal aktif per saham di kisaran 3–5% dari total portofolio. Pertahankan cadangan kas (Cash on RDN) ideal minimal 35–40% demi fleksibilitas, serta pastikan pengaman otomatis Trailing Stop atau Stop Loss selalu aktif terpasang!

Kesimpulan
Teguran BEI terhadap 199 emiten penunggak Lapkeu Semester I-2026 memberikan gambaran tegas pentingnya transparansi pasar. Selalu pilah dengan cermat antara emiten yang mendapat SP1 karena lalai dengan emiten berfundamental kuat yang sedang dalam proses audit/limited review. Bagi kita para pemancing saham yang cerdas, rilis pengumuman bursa ini adalah navigasi jernih untuk menyaring portofolio agar tetap aman, rasional, dan terukur. Tetap disiplin mengatur amunisi kas RDN-mu, dan biarkan validasi riil dari grafik volume market yang mengawal arah cuan portofoliomu!

Disclaimer: Seluruh data dan analisis dalam artikel ini murni bersifat edukasi serta informasi publik, bukan merupakan rekomendasi investasi atau ajakan jual-beli untuk saham tertentu. Keputusan pembelian/penjualan saham sepenuhnya ada di tangan investor.

Tetap kelola risiko portofoliomu dengan disiplin besi, pasang batas risiko yang rasional sejak awal sebelum masuk pasar, dan salam cuan konsisten! 🚀

$BBCA $BMRI.$BBRI",bursa tegur 199 emitten belum setor lapkeu semester i 2026 106 kena sp1 93 emiten pilih diaudit ditelaah by mancingsaham academy halo sobat cuan peringatan penting dari regulator pasar modal kembali meniupkan peluit disiplin bursa efek indonesia bei secara resmi merilis daftar perusahaan tercatat yang belum menyampaikan laporan keuangan lapkeu interim per 30 juni 2026 hingga batas waktu deadline 31 juli 2026 berdasarkan pengumuman bei no peng s 00027 bei pp1 08 2026 yang terbit pada jumat 21 agustus 2026 1 rasio kepatuhan emiten dari total 956 emiten yang wajib menyampaikan laporan sebanyak 757 emiten telah menyampaikan laporan tepat waktu sementara itu 199 emiten tercatat menunggak penyampaian 2 kategori 1 106 emiten kena sp1 belum menyampaikan lapkeu yang tidak ditelaah diaudit bei resmi menjatuhkan sanksi peringatan tertulis i sp1 beberapa kode emiten dalam jajaran ini antara lain alto bebs cbre coal fast mdia pmmp sril tele viva wege dan lainnya 3 kategori 2 53 emiten ditelaah terbatas menyampaikan konfirmasi akan melaporkan lapkeu dengan proses limited review ditelaah terbatas oleh akuntan publik sehingga mendapat tambahan waktu jajaran ini mencakup emiten lapis satu dan komoditas seperti adro admr antm bbni bmri bnga bris emas itmg jsmr pgas ptba untr wika 4 kategori 3 40 emiten diaudit penuh menyampaikan konfirmasi akan melaporkan lapkeu dengan proses full audit oleh akuntan publik jajaran emiten skala besar di grup ini antara lain ammn bbri dewa dssa excl mbma mdka medc pgio ptro 5 emiten tahun buku berbeda terdapat 6 emiten yang telah patuh menyampaikan laporan sesuai periode siklusnya amin hexa ikbi amor cani rigs analis sisi bandar mengingatkan investor untuk membedakan antara emiten kena sanksi dengan emiten yang memilih audit limited review keterlambatan emiten kategori 1 106 emiten sp1 wajib diwaspadai karena berindikasi masalah tata kelola governance atau operasional sebaliknya keterlambatan emiten kategori 2 dan 3 big caps seperti bbri bmri adro ammn ptro bersifat wajar karena perusahaan sengaja diaudit untuk kepentingan transparansi aksi korporasi atau restrukturisasi strategis yuk kita bedah draf kategori emiten peta risikonya hingga taktik memancing saham agar portofoliomu tetap cuan 1 bedah data rincian status lapkeu semester i 2026 mari kita pelototi draf rincian parameter kepatuhan emiten per akhir agustus 2026 ini agar analisismu tetap presisi rincian parameter kepatuhan emiten agustus 2026 total emiten wajib lapor 956 perusahaan sudah setor tepat waktu 757 emiten 79 18 belum setor terlambat 199 emiten 20 82 pengelompokan status kategori kategori sp1 106 emiten tanpa audit review resiko governan potensi suspensi jika berlanjut kategori review terbatas 53 emiten proses limited review perbankan komoditas utama bbni bmri adro antm pgas kategori full audit 40 emiten proses audit akuntan publik emiten raksasa konglomerasi bbri ammn dssa mdka ptro taktik tempur memancing saham mengawal rilis lapkeu disiplin seleksi rilis data kepatuhan laporan keuangan ini memberikan navigasi penting untuk menyaring saham mana yang aman dikoleksi dan mana yang harus dihindari pasang kuda kuda trading terukur di aplikasimu taktik 1 bersihkan portofolio dari emiten bermasalah kategori sp1 cermati daftar 106 emiten yang terkena sp1 rem dulu jempol baper gatalmu dari tergiur spekulasi pada saham saham sp1 yang harganya tampak murah tapi minim transparansi risiko kecermatan laporan dan sanksi lanjutan sp2 sp3 hingga notasi khusus suspensi sangat tinggi taktik 2 cermati potensi surprise earnings pada saham audit review emiten emiten blue chip dan growth play di kategori 2 dan 3 seperti bbri bmri ammn ptro mdka yang sedang diaudit sering kali menahan rilis data untuk merapikan pembukuan aksi korporasi atau konsolidasi anak usaha pantau jadwal rilisnya untuk memanfaatkan momentum earnings bounce taktik 3 selaraskan position sizing terukur demi menjaga rdn di tengah penantian rilis resmi kinerja keuangan pertengahan tahun manajemen risiko adalah benteng utama terapkan alokasi modal terdisiplin alokasikan porsi modal aktif per saham di kisaran 3 5 dari total portofolio pertahankan cadangan kas cash on rdn ideal minimal 35 40 demi fleksibilitas serta pastikan pengaman otomatis trailing stop atau stop loss selalu aktif terpasang kesimpulan teguran bei terhadap 199 emiten penunggak lapkeu semester i 2026 memberikan gambaran tegas pentingnya transparansi pasar selalu pilah dengan cermat antara emiten yang mendapat sp1 karena lalai dengan emiten berfundamental kuat yang sedang dalam proses audit limited review bagi kita para pemancing saham yang cerdas rilis pengumuman bursa ini adalah navigasi jernih untuk menyaring portofolio agar tetap aman rasional dan terukur tetap disiplin mengatur amunisi kas rdn mu dan biarkan validasi riil dari grafik volume market yang mengawal arah cuan portofoliomu disclaimer seluruh data dan analisis dalam artikel ini murni bersifat edukasi serta informasi publik bukan merupakan rekomendasi investasi atau ajakan jual beli untuk saham tertentu keputusan pembelian penjualan saham sepenuhnya ada di tangan investor tetap kelola risiko portofoliomu dengan disiplin besi pasang batas risiko yang rasional sejak awal sebelum masuk pasar dan salam cuan konsisten,neutral,bullish,1.0,bull_bear,repost warning BEI — FP ('cuan'),
41,35481900,BBRI,"IHSG di 15x PE: Mahal, Murah, atau… Biasa Aja? 🧐

Banyak investor kalau lihat IHSG turun langsung bilang:

“Wah, market sudah murah.”

Tapi… murah itu sebenarnya dibanding apa?

Karena saham dengan PE 8x belum tentu murah.

Dan saham dengan PE 15x belum tentu mahal.

1️⃣ Jangan cuma lihat PE

PE itu sederhananya:

Harga saham ÷ Earnings

Misalnya perusahaan menghasilkan laba Rp100 per saham dan harga sahamnya Rp1.000.

PE = 10x.

Artinya secara sederhana, market membayar 10 kali laba perusahaan tersebut.

Simple?

Yes.

Tapi jangan berhenti di sini.

2️⃣ PE rendah ≠ otomatis murah

Bayangkan ada perusahaan:

PE 8x
ROE rendah
Utang tinggi
Laba stagnan
Cash flow jelek

Kelihatannya murah.

Tapi bisa jadi sebenarnya murah karena memang kualitas bisnisnya biasa saja.

Sebaliknya ada perusahaan:

PE 13x
ROE 20%
Laba tumbuh 10–15%
Cash flow sehat
Utang terkendali
Punya competitive advantage

Saya justru bisa lebih tertarik yang kedua.

Kenapa?

Karena valuasi harus dibaca bersama quality of earnings.

3️⃣ Jadi berapa PE IHSG yang menarik?

Kalau saya menggunakan pendekatan konservatif:

🟢 <10x → Deep Value / Crisis Zone
🟢 10–11x → Extremely Attractive
🟢 11–12x → Very Attractive
🟢 12–13x → Fair → Attractive
🟡 13–14x → Fair
🟡 14–15x → Fully Valued
🔴 15–17x → Expensive
🔴 >17x → Very Expensive

Tapi ini bukan hukum alam.

Ini hanya framework berpikir.

4️⃣ Kenapa Indonesia layak mendapat “discount”?

Investor global tidak hanya melihat profit perusahaan.

Mereka juga melihat:

• Currency risk
• Governance
• Liquidity
• Foreign ownership
• Political risk
• Commodity cycle
• Market accessibility

Makanya saya tidak nyaman mengatakan:

“Historical PE IHSG 18x, berarti fair value harus 18x.”

No.

Market hari ini tidak sama dengan market 10 tahun lalu.

Risk profile berubah → valuation multiple juga bisa berubah.

5️⃣ Ini yang sering dilupakan investor ritel

IHSG bukan satu perusahaan.

Di dalamnya ada:

🏦 Bank
🛒 Consumer
⛏️ Commodity
📡 Telco
🏗️ Property
🏭 Industrial
💊 Healthcare
💻 Technology
🛣️ Infrastructure

Jadi ketika PE IHSG terlihat 15x…

Jangan langsung menyimpulkan:

“Semua saham Indonesia mahal.”

Karena bisa saja ada perusahaan berkualitas yang masih diperdagangkan di bawah intrinsic value.

6️⃣ Saya lebih suka “Quality Adjusted PE”

Bukan cuma:

PE rendah = beli

Tapi:

PE + ROE + Growth + Balance Sheet + Cash Flow + Moat

Contoh sederhana:

Perusahaan A
PE 8x
Growth 0%
ROE 7%
Debt tinggi

vs

Perusahaan B
PE 13x
Growth 12%
ROE 20%
Net cash

Mana yang lebih murah?

Menurut saya:

Bisa jadi perusahaan B.

Karena kita membeli earning power masa depan, bukan sekadar membeli angka PE hari ini.

7️⃣ Lalu bagaimana dengan IHSG sekarang?

Menurut stockbit, agregat market berada sekitar 15x PE.

Artinya saya belum mau teriak:

“ALL IN! IHSG SUPER MURAH!”

😂

Belum.

Saya lebih suka mengatakan:

“Market mulai menarik, tetapi belum bisa dibeli secara membabi buta.”

Ini perbedaan kecil yang sering membuat hasil investasi jadi sangat berbeda.

8️⃣ Ada satu konsep yang saya suka: Margin of Safety

Misalnya menurut perhitungan kita:

Intrinsic Value = Rp10.000

Harga pasar = Rp7.000

Ada gap Rp3.000.

Itulah yang disebut margin of safety.

Tapi kalau intrinsic value kita Rp10.000 dan harga pasar Rp9.700?

Masih ada margin.

Tapi tipis.

Sedangkan kalau harga Rp5.000?

Risk/reward menjadi jauh lebih menarik.

9️⃣ Jadi investor seharusnya menunggu apa?

Bukan cuma menunggu IHSG naik.

Saya akan melihat:

✅ Earnings growth
✅ ROE
✅ Free cash flow
✅ Neraca
✅ Dividend
✅ Competitive advantage
✅ Management
✅ Valuation

Dan satu hal yang sangat penting:

Apakah thesis bisnis masih intact ketika IHSG turun 20%?

Kalau jawabannya YES…

Itu baru menarik.

🔟 Jangan lupa faktor asing

2026 bukan cuma cerita earnings.

Foreign flow juga sangat penting.

Kalau investor asing terus melakukan net sell karena masalah market accessibility, sentiment bisa tetap tertekan walaupun fundamental beberapa perusahaan sebenarnya baik.

Tapi justru di sinilah peluang value investor kadang muncul.

Temporary sentiment problem ≠ permanent business problem.

Kalimat ini worth ditulis besar-besar. 👆

1️⃣1️⃣ MSCI & FTSE juga perlu diperhatikan

Investor lokal sering fokus:

“Besok saham apa naik?”

Investor global mungkin lebih fokus:

“Apakah Indonesia semakin investable?”

MSCI dan FTSE menjadi bagian penting dari cerita tersebut.

Kalau confidence investor global kembali…

Bukan hanya earnings yang bisa naik.

Multiple valuation juga bisa mengalami rerating.

Dan ketika:

Earnings ↑ + PE ↑

impact ke harga saham bisa sangat powerful.

1️⃣2️⃣ Contoh sederhananya

Misalnya EPS = Rp500.

PE 10x:

Harga = Rp5.000

Kemudian earnings naik 20%.

EPS menjadi Rp600.

Kalau market confidence kembali dan PE naik menjadi 13x:

Harga teoritis:

Rp600 × 13 = Rp7.800

Perhatikan.

Harga bukan hanya naik karena earnings.

Tapi karena:

Earnings growth + rerating multiple.

Itulah salah satu sumber return terbesar dalam equity investing.

1️⃣3️⃣ Tapi jangan lupa downside

Kalau earnings turun 10%:

EPS Rp500 → Rp450

Dan PE turun dari 10x → 9x

Harga:

Rp450 × 9 = Rp4.050

Dari Rp5.000 menjadi Rp4.050.

Jadi:

Earnings ↓ + Multiple ↓ = double pressure.

Makanya valuasi bukan alat untuk meramal harga.

Valuasi adalah alat untuk memahami:

“Berapa harga yang masuk akal untuk risiko yang saya ambil?”

1️⃣4️⃣ Saya membagi kondisi IHSG menjadi 3 scenario

🐻 BEAR

MSCI/FTSE problem berlanjut
Foreign outflow
Rupiah melemah
Earnings turun
PE compression

→ IHSG berpotensi kembali ke area rendah.

🟡 BASE

Indonesia tetap Emerging Market
Reformasi dipercaya
Foreign flow stabil
Earnings tumbuh 8–12%
PE kembali normal

→ Recovery menjadi skenario yang masuk akal.

🟢 BULL

MSCI confidence ↑
FTSE normalization ↑
Foreign inflow ↑
Earnings growth ↑
Rupiah stabil
PE rerating

→ IHSG bisa memasuki fase bullish yang jauh lebih sehat.

1️⃣5️⃣ Jadi… apakah sekarang waktunya bullish?

Jawaban saya:

Saya mulai konstruktif.

Tapi saya belum mau bilang:

“Bull market sudah confirmed.”

Menurut saya kita lebih dekat dengan:

RECOVERY PHASE

daripada:

STRUCTURAL BULL MARKET.

Dan menariknya…

Fase seperti ini justru sering menjadi playground investor value.

Karena ketika semua orang sudah yakin market bullish…

Biasanya harga sudah tidak murah lagi. 😄

1️⃣6️⃣ Kalau saya, filter saya sederhana

Saya akan mencari bisnis dengan:

PE ≤ 9–13x (lebih rendah lebih bagus)
ROE >15%
Earnings Growth >8–10%
FCF positif
Debt terkendali
Dividend menarik
Competitive advantage
Management credible

Dan yang paling penting:

Market boleh salah menilai bisnis untuk sementara.

Tapi saya harus yakin bisnisnya sendiri tidak rusak.

1️⃣7️⃣ THE BIG PICTURE

Jadi jangan bertanya:

❌ “IHSG sudah turun banyak, beli belum?”

Pertanyaan yang lebih bagus:

✅ “Berapa earnings power perusahaan?”
✅ “Berapa intrinsic value-nya?”
✅ “Berapa PE yang layak?”
✅ “Apa risiko permanennya?”
✅ “Berapa margin of safety saya?”
✅ “Apakah market sedang salah harga?”

Karena pada akhirnya…

Investing bukan tentang membeli saham murah.

Investing adalah tentang:

Membeli bisnis berkualitas dengan harga yang masuk akal, lalu memberi waktu agar fundamental mengejar harga.

Market bisa irrational.

Sentiment bisa berubah.

Foreign flow bisa berbalik.

Multiple bisa rerating.

Tapi earning power perusahaanlah yang pada akhirnya menjadi fondasi nilai.

So…

Jangan terlalu sibuk menebak:

“Besok IHSG naik atau turun?”

Lebih baik sibuk mencari:

“Berapa sebenarnya nilai bisnis yang sedang saya beli?”

Because…

Price is what you pay.
Value is what you get.

Happy investing. 🧠📈

Bukan ajakan beli/jual. Gunakan sebagai framework berpikir, bukan sinyal trading.

$LSIP $BBRI $BMRI",,neutral,neutral,0.0,negation,edukasi PE repost,neutral
42,35481952,GOTO,$GOTO bersedia beli di pasar nego🙏. silahkan DM ya sobat,bersedia beli di pasar nego silahkan dm ya sobat,bullish,neutral,0.0,no_hit,nawar beli = akumulasi,neutral
43,35482065,ADRO,$ADRO yuk kasih diskon lagi ndar ..ARB kek 😂😂🥶🥶🥶,yuk kasih diskon lagi ndar arb kek,bearish,bearish,-1.0,bull_bear,mock ARB,
44,35482253,BMRI,turun lagi dong $BMRI,turun lagi dong,bearish,bearish,-1.0,bull_bear,"wish turun utk beli — intent akumulasi, catat",
45,35482901,BBCA,$TOWRHDCZ6A diskon kapan lagi dapet 4 tick $BBCA $BBRI,,neutral,neutral,0.0,no_hit,,bullish
46,35482938,BMRI,@MIRZAM22 RANDOM TAG $KIJADRCV6A $BUMI $BMRI,,neutral,neutral,0.0,no_hit,,neutral
47,35482944,BUMI,"📊 Update Signal

$BULL
CP : 452
Support 1: 442
Support 2: 426
Support 3 / CL <: 414
Resist 1: 470
Resist 2: 490
Arah Trend : ⏩ Sideways bias naik
Validasi Teknis : Konsolidasi Sehat

$BUMI
CP : 208
Support 1: 202
Support 2: 196
Support 3 / CL <: 190
Resist 1: 216
Resist 2: 220
Arah Trend : 💹 Uptrend extreme high risk
Validasi Teknis : Breakout Valid

$COCO
CP : 136
Support 1: 130
Support 2: 124
Support 3 / CL <: 118
Resist 1: 142
Resist 2: 160
Arah Trend : 💹 Uptrend
Validasi Teknis : Bullish Bias

BULL masih sideways bias naik dengan konsolidasi sehat, jadi menurut saya 442–426 lebih menarik buat lihat reaksi daripada maksa ngejar 470. Fundamentalnya masih cukup lumayan karena laba, ROE dan arus kas bebas masih positif, jadi kalau 470 berhasil direbut baru 490 lebih terbuka, sementara di bawah 414 struktur konsolidasinya gagal. BUMI jauh lebih agresif karena uptrend ekstrem dengan breakout valid, tapi pergerakannya tetap perlu dikonfirmasi karena posisi sudah cukup panas. Area 202–196 wajib dijaga, 216 perlu dilewati sebelum 220 dan di bawah 190 struktur mulai rusak; arus kas bebasnya masih positif tapi valuasinya sudah cukup tinggi jadi tetap pakai disiplin level. COCO masih uptrend dengan bullish bias, cuma fundamentalnya masih berat dari EPS, ROE, arus kas sampai utang. Jadi 130–124 wajib bertahan, 142 perlu direbut dulu sebelum 160 dan di bawah 118 mulai gak menarik.

Ini hanya membantu yang sudah pegang posisi dan ingin BEP / tidak CL dalam / TP tipis.
Disarankan ambil TP1 untuk yang punya barang di bawah, guna amankan modal.
Bukan ajakan jual/beli. DYOR sesuai profil risiko masing-masing.
CMIIW",cp 208 support 1 202 support 2 196 support 3 cl 190 resist 1 216 resist 2 220 arah trend uptrend extreme high risk validasi teknis breakout valid,bullish,bullish,1.0,bull_bear,repost signal uptrend,
48,35483046,ANTM,"$ANTM pasukan merah ada dikiri semua,apakah peremasan akan mulai bersinar lgi 🤪",pasukan merah ada dikiri semua apakah peremasan akan mulai bersinar lgi,bearish,bearish,-1.0,bull_bear,,
49,35484247,BUMI,"$BUMI hari ini gabanyak ngarep, tp tolong ya senin tu loncat gitu, konon batu bara lagi happening lah ini mah nyisir mulu 😓🤓",hari ini gabanyak ngarep tp tolong ya senin tu loncat gitu konon batu bara lagi happening lah ini mah nyisir mulu,bullish,neutral,0.0,no_hit,harap senin loncat,bullish
50,35484296,BBRI,"$CUAN $DSSA $BBRI
 
kalau gua all in cuan tanpa mikir 🔥🚀",kalau gua all in cuan tanpa mikir,neutral,bullish,1.0,bull_bear,pujian 'cuan' milik $CUAN — bocor ke segmen $BBRI (kasih tag terakhir),
51,35484484,BUMI,"$CUAN $DSSA $BUMI

kebanyakan mikir naik duluan cuan 😂",kebanyakan mikir naik duluan cuan,neutral,bullish,1.0,bull_bear,sama: bocor antar-cashtag,
52,35484844,BBRI,"$INET GACOR 
GABUNG GUYS

$IHSG $BBRI",,neutral,neutral,0.0,bull_bear,,bullish
53,35485456,BBRI,"Sudah 2 hari asing net buy, hari ini sesi 1 asing net buy lagi.
Emang intinya main di saham2 yang asingnya ngumpulin aja, asing jangan sampe ketinggalan kereta kali ini semuanya naik tapi saham kamu stagnan 😆. Cek pergerakan asing di idx radar.

 $BBRI 
 $UNVR 
 $ASII",sudah 2 hari asing net buy hari ini sesi 1 asing net buy lagi emang intinya main di saham2 yang asingnya ngumpulin aja asing jangan sampe ketinggalan kereta kali ini semuanya naik tapi saham kamu stagnan cek pergerakan asing di idx radar,bullish,bullish,1.0,bull_bear,,
54,35486114,BUMI,$BUMI september berdarah-Darah,september berdarah darah,bearish,neutral,0.0,no_hit,september berdarah,bearish
55,35486131,BUMI,$BUMI 208...210..gitu aja biar keliatan ada aktivitas nya,208 210 gitu aja biar keliatan ada aktivitas nya,neutral,neutral,0.0,no_hit,,neutral
56,35486281,BMRI,"🚢 $BULL Bangkit dari Titik Sulit, tetapi Luka dari Kreditur Lama Belum Sepenuhnya Hilang

Request member External Community Pintar Nyangkut di Telegram dengan Kode External Community A38138 https://stockbit.com/post/13223345

Bisa dibilang, kreditor lama BULL itu kejam dan dzalim. Karena mereka menganiaya BULL di titik terendah. Segala jaminan sudah diberikan, endingnya kapal mereka disita dan dijual kreditor lama. Untung aja BULL ndak sampai bangkrut dan bisa bangkit lagi. Dari LK Q2 2026, fakta yang bisa dipastikan adalah BULL pernah gagal memenuhi ketentuan pinjaman, kapal yang menjadi jaminan kemudian dijual oleh kreditur, dan sampai sekarang masih ada selisih hasil penjualan kapal yang belum bisa direkonsiliasi secara independen. Upgrade skill https://cutt.ly/Ve3nZHZf

🚀 Revenue H1 2026 US$128,73 juta, naik 84,02%

💰 Laba bersih US$58,41 juta, naik 739,45%

⚙️ Core net profit sekitar US$51,55 juta

🚰 Cash Flow from Operations (CFO) US$31,70 juta

🏦 Total utang berbunga sekitar US$156,19 juta

💵 Kas sekitar US$18,84 juta

🕳️ Defisit modal kerja sekitar US$6,75 juta

🧾 Piutang rekonsiliasi lama sekitar US$7,97 juta


🧨 Krisis Lama Membentuk Cara BULL Berutang Sekarang

PT Buana Lintas Lautan Tbk (BULL) hari ini seperti perusahaan yang sudah berhasil keluar dari ruang perawatan, tetapi bank tetap meminta pengaman ekstra sebelum meminjamkan uang. Itu cukup masuk akal kalau melihat sejarahnya.

Ketika pandemi menghantam industri pelayaran, BULL mengalami masalah pembayaran kepada sejumlah kreditur non-bank asing. Kapal-kapal yang menjadi agunan akhirnya dilepas untuk melunasi kewajiban tersebut.

Pengalaman itu tampaknya meninggalkan jejak pada struktur pembiayaan BULL sekarang. Perusahaan masih bisa memperoleh kredit dari bank lokal, tetapi fasilitasnya disertai jaminan kapal, assignment atas pendapatan, saham, tanah, corporate guarantee dan pada beberapa fasilitas dukungan dari pihak yang berhubungan dengan pemegang saham utama.

Jadi masalah BULL sekarang bukan tidak ada yang mau memberi utang. Kredit tetap tersedia, hanya saja pemberi dana meminta lapisan proteksi yang cukup banyak. Upgrade skill https://cutt.ly/Ve3nZHZf

🏦 Yang Sekarang Membiayai BULL

Struktur kredit BULL tersebar pada beberapa bank dan lembaga pembiayaan.

🏦 Bank Mandiri $BMRI 

🏦 Bank Sinarmas

🏦 Bank Panin $PNBN 

🏦 Bank Woori Saudara

🏦 Bank Oke Indonesia

🏦 Bank MNC Internasional

🌍 Ocean Investments Partners FZCO


Pinjaman dalam Dolar AS membawa bunga sekitar 7,4% sampai 12%, sementara pinjaman Rupiah berada sekitar 9% sampai 11,5%. Untuk bisnis kapal yang membutuhkan modal besar, angka tersebut membuat kualitas arus kas menjadi sangat penting.

Interest coverage BULL masih sekitar 7,69x, sehingga laba operasi saat ini masih mempunyai bantalan terhadap biaya bunga. Persoalannya, laba operasinya sedang berada pada level yang sangat tinggi. Kalau earning power turun sementara utang tetap, bantalan tersebut ikut mengecil. Upgrade skill https://cutt.ly/Ve3nZHZf

🔐 Jaminannya Tidak Cuma Kapal

Pada pembiayaan maritim, menjadikan kapal dan asuransinya sebagai agunan memang normal. Yang membuat BULL menarik adalah adanya beberapa lapisan jaminan tambahan.

Pada fasilitas tertentu terdapat gadai saham BULL milik pemegang saham utama, tanah dan bangunan, corporate guarantee serta dukungan pihak berelasi.

Ada pula assignment of earnings. Mekanismenya membuat pendapatan sewa kapal tertentu menjadi bagian dari security package kreditur.

Secara sederhana, bank tidak hanya melihat harga kapal. Bank juga ingin mempunyai akses terhadap sumber pembayaran pinjaman kalau kondisi perusahaan kembali melemah.

⚓ Kronologi Luka dengan Kreditur Lama

🦠 Pada periode pandemi BULL mengalami masalah pemenuhan kewajiban pinjaman.

🚢 Kapal yang menjadi agunan kemudian dijual oleh sejumlah kreditur non-bank.

💰 Nilai hasil penjualan kapal sekitar US$55,16 juta.

🧾 Kewajiban terkait sekitar US$45,23 juta.

🔄 Setelah berbagai rekonsiliasi, BULL masih mencatat sekitar US$7,97 juta sebagai piutang dalam rekonsiliasi.

🔍 Auditor belum mendapatkan bukti eksternal yang cukup untuk memastikan saldo tersebut.

📚 Masalah inilah yang terus memengaruhi opini auditor sampai LK Q2 2026.


Yang perlu dibedakan adalah tidak adanya konfirmasi auditor bukan otomatis bukti bahwa uang tersebut digelapkan atau kreditur melakukan pelanggaran. Yang dapat dikatakan dari laporan adalah auditor belum mempunyai bukti yang cukup untuk memverifikasi saldo tersebut.

🧾 US$7,97 Juta Bukan Nominal yang Bisa Diabaikan

Piutang rekonsiliasi US$7,97 juta setara sekitar 13,6% laba bersih H1 2026.

Kalau suatu saat seluruhnya tidak dapat dipulihkan, dampak nominalnya memang material. Tetapi laba semester ini sebesar US$58,41 juta masih jauh lebih besar daripada saldo tersebut.

Masalah yang lebih berat justru bersifat kualitatif. Selama saldo itu belum dapat direkonsiliasi, investor masih mempunyai satu tanda tanya yang terus menempel pada laporan keuangan BULL.

🚀 Ironisnya, Perusahaan yang Dulu Kesulitan Sekarang Labanya Meledak

Revenue H1 2026 naik sekitar 84,02%, sedangkan laba bersih melonjak sekitar 739,45%.

Gross Profit Margin (GPM) mencapai sekitar 51,31%. Bahkan setelah keuntungan pembelian murah dan keuntungan selisih kurs dikeluarkan secara sederhana, core net profit masih sekitar US$51,55 juta.

Jadi turnaround BULL bukan sekadar kosmetik akuntansi. Bisnis kapal yang sedang dijalankan memang menghasilkan margin jauh lebih tebal dibanding tahun sebelumnya.

Defisit modal kerja juga berubah dari sekitar US$55,11 juta pada akhir 2025 menjadi hanya US$6,75 juta pada Juni 2026.

Perbaikannya besar. Namun belum selesai karena aset lancar US$82,36 juta masih sedikit di bawah liabilitas jangka pendek US$89,11 juta. Upgrade skill https://cutt.ly/Ve3nZHZf

💧 Laba Besar Belum Berarti Kas BULL Berlimpah

Di sinilah kondisi BULL menjadi unik.

Laba bersih H1 sekitar US$58,41 juta, tetapi CFO hanya US$31,70 juta. Sekitar US$8,72 juta kas terserap kenaikan piutang dan sekitar US$5,86 juta masuk ke persediaan.

Kemudian sekitar US$19,16 juta digunakan untuk aset tetap dan US$12,43 juta untuk uang muka kapal.

Praktis seluruh CFO langsung diputar kembali untuk ekspansi armada.

Jadi perusahaan memang sedang menghasilkan uang, tetapi uang tersebut belum sempat santai di rekening.

🛳️ Setelah Untung Besar, BULL Malah Tambah Utang Lagi

Setelah 30 Juni 2026, ekspansi dilanjutkan.

💳 Bank Oke memberikan fasilitas sekitar Rp150 miliar dengan tenor sangat pendek.

🌍 Ocean Investments Partners memberikan pembiayaan sekitar US$27,15 juta dengan bunga sekitar 8%.

🚢 Dana tersebut berkaitan dengan pembelian dan pengembangan armada.

🔄 Strateginya menggabungkan laba operasi, CFO dan utang baru untuk memperbesar earning assets.


Karena itu menyebut seluruh refinancing sebagai sekadar gali lubang tutup lubang juga kurang lengkap. Sebagian pembiayaan memang digunakan untuk mengganti atau menopang struktur kewajiban, tetapi sebagian lain jelas diarahkan untuk membeli kapal yang diharapkan menghasilkan revenue baru.

Perbedaan keduanya penting. Utang untuk menutup kerugian lama mempunyai karakter berbeda dengan utang untuk membeli aset produktif.

🌍 Pelanggan Baru Justru Menjadi Mesin yang Membiayai Kebangkitan

Konteks sebelumnya juga penting. Sekitar 79,19% revenue H1 2026 datang dari tiga pelanggan Free Zone Entity (FZE).

Galleon Tanker FZE menyumbang 42,17%, Solisar Freight and Transport FZE sekitar 18,97%, dan Megawave Logistics FZE sekitar 18,05%.

Jadi BULL yang dulu kehilangan kapal karena kesulitan membayar kredit sekarang mempunyai pelanggan yang menghasilkan revenue besar untuk membangun kembali armadanya.

Risikonya bergeser. Dulu persoalan utamanya kemampuan membayar kreditur. Sekarang perusahaan sudah kembali mencetak laba, tetapi konsentrasi pelanggan, leverage dan cash conversion menjadi bagian yang perlu diperhatikan.

🧮 Refinancing BULL Sekarang Lebih Mirip Taruhan terhadap Earning Power Kapal

Dengan laba bersih US$58,41 juta hanya dalam enam bulan dan interest coverage sekitar 7,69x, utang BULL hari ini jauh lebih mampu ditopang oleh laba dibanding periode krisisnya.

Tetapi kas hanya sekitar US$18,84 juta sementara total utang berbunga sekitar US$156,19 juta. Artinya keselamatan struktur tersebut sangat bergantung pada kapal terus bekerja, pelanggan membayar tepat waktu dan tarif charter tetap menghasilkan margin yang memadai.

Kalau kapal baru berhasil menghasilkan revenue tambahan, leverage membantu memperbesar laba. Kalau tarif kapal turun atau pelanggan utama mengurangi kontrak, cicilan dan bunga tidak ikut turun secepat revenue.

Itulah kenapa kisah BULL sekarang menarik. Perusahaan yang dulu kehilangan kapal kepada krediturnya justru sedang menggunakan kredit lagi untuk membeli kapal baru. Bedanya, kali ini mereka masuk dengan earning power yang jauh lebih kuat daripada ketika krisis, tetapi warisan piutang lama, konsentrasi pelanggan dan likuiditas yang masih ketat belum sepenuhnya hilang.

This is not financial advice. Ini bukan rekomendasi penasihat investasi untuk jual dan beli saham. Keputusan ada di tangan masing-masing investor. 

Untuk diskusi lebih lanjut bisa lewat External Community Pintar Nyangkut di Telegram dengan mendaftarkan diri ke External Community menggunakan kode: A38138
Link Panduan https://stockbit.com/post/13223345

Kunjungi Insight Pintar Nyangkut di sini https://cutt.ly/ne0pqmLm

Disclaimer: http://bit.ly/3RznNpU",bank sinarmas bank panin,neutral,neutral,0.0,negation,repost telegram BULL,neutral
57,35486903,BBCA,"ini ijo sendiri yg lain merah 🥰🥰

$BBCA",ini ijo sendiri yg lain merah,bullish,neutral,0.0,bull_bear,ijo sendiri — lexicon cancel (ijo+merah),bullish
58,35487670,BUMI,"$KOTA HAKA saja dek, sudah saatnya dek santai santai aja dek hahaha

$CUAN $BUMI",,neutral,neutral,0.0,no_hit,meme tag,bullish
59,35487811,ANTM,"$ASII $ANTM $BMRI, teorinya sederhana, beli saat merah dan jual saat hijau",,neutral,neutral,0.0,bull_bear,humor trading,neutral
60,35487820,BUMI,$BUMI ngga turun dulu? $DEWA udah balik ke harga minggu lalu lho...,ngga turun dulu,bearish,bearish,-1.0,negation,,
61,35488596,BBCA,"$BBRI katanya mau nurunin DPR-nya ke 60% dari sekarang 92%. Iya sih kalau ketinggian memang kurang sehat sebenarnya, kurang besar ruang geraknya untuk ekspansi. Tapi sebenarnya walaupun DPR turun, dividend yang dibayar BBRI bisa enggak turun bahkan tetap naik. Syaratnya satu, EPS harus tumbuh.

Kalau dibikin simulasi sederhana dengan EPS naik sekitar 10% tiap tahunnya, maka tahun depan BBRI dengan DPR turun ke 84% bisa tetap kasih dividen 343 per lembar. Dan kalau trennya terus berlanjut, maka tahun 2030 DPR sudah turun ke target 60%, tapi dividend yang dibayar malah naik.

Itulah kenapa dividend investing bukan cari yield yang paling tinggi, tapi cari bisnis sehat yang grow DAN bagi dividen, seperti BBRI $BMRI dan $BBCA.

https://panendividen.com/stock_picker?stock=bbri&utm_source=sb",,bullish,neutral,0.0,bull_bear,argumen dividen bisa tetap naik,neutral
62,35488874,ADRO,$ADRO tutup gap atas ya,tutup gap atas ya,bullish,neutral,0.0,no_hit,wish tutup gap atas,bullish
63,35489305,BBRI,mau beli $PPRI malah kebeli $BBRI,,neutral,neutral,0.0,no_hit,,neutral
64,35489645,BUMI,$BUMI gak berubah sama sekali 😂 sama kemarin,gak berubah sama sekali sama kemarin,neutral,neutral,0.0,no_hit,,neutral
65,35490213,BUMI,"$PPRI done ya, selamat 🤗🤗🤗🥳🥳🥳 horeee 🥳🥳🥳🥳

$BUMI $BIPI",,neutral,neutral,0.0,no_hit,,bullish
66,35490728,BUMI,"$SSTM 
🚀 SSTM MULAI PANAS! 🚀

SSTM 535 🔥
Hari ini sempat cetak 580!
📈 +10% dari penutupan sebelumnya
📊 +23% dalam 1 minggu

Grafiknya masih menunjukkan momentum positif. Volume dan pergerakan harga mulai menarik perhatian 👀

535 → 580 sudah kasih sinyal kuat buyer mulai berani masuk! 💪

Kalau mampu bertahan di area atas dan tembus 580, jangan kaget kalau SSTM lanjut bikin high baru OTW BALIK KE 1000 🚀🚀

SSTM bukan sekadar naik… MOMENTUM-NYA LAGI DIBANGUN! 🔥🔥

Bukan ajakan beli/jual. Tetap gunakan analisis dan money management.

$CUAN
$BUMI",,neutral,neutral,0.0,negation,"hype-nya SSTM, BUMI cuma tag",bullish
67,35492234,BBCA,"gasss $INET buat MENU BSJP
OTW 400
FUNDAMENTAL DATA CENTER 
GACORR NIH SAHAM

$IHSG $BBCA",,neutral,neutral,0.0,bull_bear,"hype-nya INET, BBCA cuma tag",bullish
68,35492242,BBRI,"@titusmenjang 
Aman lah.
Saham perbankan macam $BMRI $BBRI $BBNI itu paling enak buat invest trus tinggal tidur.
Kalau turun sekalipun pada akhirnya ya tetap gradual naik lagi, bukan anomali naik kenceng trus dijatuhin kalau udah ex-date dividen.",,bullish,neutral,0.0,negation,'gradual naik lagi' — lexicon cancel,bullish
69,35492334,BBCA,"$BBCA kemaren ZP udh buang,.. liat hari ini klo ZP tetep buang, apalagi klo tambah DX.. soalnya mereka yg akumulasi dari kemaren 🙏",kemaren zp udh buang liat hari ini klo zp tetep buang apalagi klo tambah dx soalnya mereka yg akumulasi dari kemaren,mixed,bullish,1.0,bull_bear,fakta buang + akumulasi,
70,35492606,BBRI,$BBRI katanya target 3400 jadi skrg waktunya sell ya anak2,katanya target 3400 jadi skrg waktunya sell ya anak2,bearish,bearish,-1.0,bull_bear,,
71,35492695,BBCA,"Kalo cuan take profit, bukan cuman take picture di $BBCA, happy cuan semuanya👍🏻
-Jumat Junam-",kalo cuan take profit bukan cuman take picture di happy cuan semuanya jumat junam,bullish,bullish,1.0,bull_bear,,
72,35493383,BUMI,$BUMI gass polll,gass polll,bullish,neutral,0.0,no_hit,hype gas,bullish
73,35493698,ANTM,$ANTM terbaik antam 🚀🚀,terbaik antam,bullish,neutral,0.0,no_hit,hype,bullish
74,35493945,BUMI,"$GTSI gak kuat naik, $BUMI sudah support 206 tinggal naik ke 400",sudah support 206 tinggal naik ke 400,bullish,bullish,1.0,negation,,
75,35494826,ADRO,"$ADRO and the gank... Lap Q2 gacor. 
Bersiap terbang minggu depan 🚀🚀🚀 #septemberceria",and the gank lap q2 gacor bersiap terbang minggu depan septemberceria,bullish,bullish,1.0,bull_bear,,
76,35495006,BUMI,$BUMI Mantaap IHSG merah dia masih hijau 👌👌,mantaap ihsg merah dia masih hijau,bullish,neutral,0.0,bull_bear,hijau saat IHSG merah — cancel (ijo+merah),bullish
77,35495294,BMRI,"$BMRI Yakin Gua ini kalo udah pada ngincer 66 pasti naik banget... Tabung aja ges sebelum cum date... yakin caer semuanya... Hold and gasss

T🌕 Th🚀 M🌕🌕N💨💨",yakin gua ini kalo udah pada ngincer 66 pasti naik banget tabung aja ges sebelum cum date yakin caer semuanya hold and gasss t th m n,bullish,bullish,1.0,bull_bear,,
78,35495663,BUMI,"$MSIN Disaat XL masuk, disitulah mereka memberi pelajaran😂😂 $IHSG $BUMI",,neutral,neutral,0.0,no_hit,meme tag,neutral
79,35496054,TLKM,"$TLKM sesuai prediksi cuma naik 10 poin,
kyak ya Senin nanti akan membentuk pola yg sama, kalo ga kyak gini iya pasti turun",sesuai prediksi cuma naik 10 poin kyak ya senin nanti akan membentuk pola yg sama kalo ga kyak gini iya pasti turun,bearish,neutral,0.0,bull_bear,"sarkas resign, pola turun",neutral
80,35496143,ADRO,"$ADRO

mmmm bagaimana kawan² apakah ini benar",mmmm bagaimana kawan apakah ini benar,neutral,neutral,0.0,no_hit,,neutral
81,35496181,BBRI,"@Avizananta berhubung $BBRI bantengnya uda keluar tanduk jadi sehasusnya 70
Persen dah aman.. jadi uda bole lah start tulis lagi 😁😁😁",avizananta berhubung bantengnya uda keluar tanduk jadi sehasusnya 70 persen dah aman jadi uda bole lah start tulis lagi,bullish,neutral,0.0,no_hit,banteng keluar tanduk — slang gak ada di lexicon,bullish
82,35496578,BBCA,"Kemana larinya e-IPO SWAP?? Koq mau dateline malah kabur?

$BBCA $BUVA $BBRI",kemana larinya e ipo swap koq mau dateline malah kabur,neutral,neutral,0.0,no_hit,komplain e-IPO,neutral
83,35500857,UNTR,"Alhamdulillah banyak banyak bersyukur yah...

Pilih cuan 100% tapi titip sendal atau cuan 20% full muatan untuk retail receh seperti kita...

happy Cuan semua member platinum dan gratisan
belajar bareng analisa smart money link ada di bio profil
Rt $ADMR $UNTR $PACK",,neutral,neutral,0.0,bull_bear,promo grup,neutral
84,35505584,ADRO,"PRABOWO PUNYA NIAT BESAR. MASALAHNYA BUKAN CUMA PROGRAM,

 TAPI SIAPA YANG MENGELILINGINYA.


Saya mencoba melihat pemerintahan Prabowo dari sisi yang berbeda.

IF (CARI AMAN)

Saya tidak melihat semua programnya sebagai sesuatu yang buruk.

Justru beberapa gagasannya sangat besar:

MBG

 Koperasi Desa/Kelurahan Merah Putih

penguatan UMKM
pembiayaan masyarakat kecil
 pembangunan ekonomi dari desa

MBG misalnya.

Program ini bukan lagi sekadar wacana.

Awal 2026,
 BGN mencatat sekitar 55,1 juta penerima manfaat dengan 19.188 SPPG. 
Bahkan per September 2026, 

target 2027 dipatok 72,46 juta penerima manfaat dengan pagu BGN sekitar Rp240,2 triliun.

Artinya?

Ini adalah mesin ekonomi yang luar biasa besar.

Uang negara masuk ke SPPG 

membeli bahan makanan
  petani

 peternak

nelayan ,

 distributor 

, tenaga kerja 

 konsumsi masyarakat.

Tetapi di sinilah masalah besarnya.

Semakin besar uang yang berputar, semakin besar pula insentif bagi manusia serakah untuk ikut bermain.

KPK sendiri pernah melakukan Corruption Risk Assessment terhadap MBG dan menemukan sejumlah risiko: potensi penyalahgunaan kewenangan, konflik kepentingan, pemborosan anggaran, serta lemahnya koordinasi dan desain tata kelola.

Jadi kritik terhadap MBG bukan berarti anti-Prabowo.

Justru kalau kita mendukung programnya
, kita harus berani meminta pengawasannya diperkuat




Lalu Kopdes Merah Putih.

Per akhir Juni 2026 tercatat 83.383 Kopdes/Kelurahan Merah Putih.

Tapi jangan salah membaca angka itu.

83 ribu bukan berarti 83 ribu koperasi sudah aktif menghasilkan laba.

Data yang sama menunjukkan baru sekitar 50.383 yang telah melaksanakan RAT, sementara 60.762 memiliki NIB.

 Artinya, ada perbedaan besar antara terdaftar secara administratif dan benar-benar menjadi koperasi yang hidup secara ekonomi.

Ini justru titik yang harus diawasi.

Karena koperasi desa bisa menjadi mesin ekonomi rakyat.

Tetapi kalau tata kelolanya buruk, ia juga bisa berubah menjadi mesin rente baru.





Dan di sinilah saya melihat persoalan pemerintahan Prabowo.

Bisa jadi masalahnya bukan pada niat Presiden.

Masalahnya adalah:

Siapa yang memberikan informasi kepada Presiden?

Siapa yang mengelola program?

Siapa yang menjadi perantara?

Siapa yang mendapatkan proyek?

Siapa yang mengendalikan distribusi?

Dan siapa yang mengawasi orang-orang tersebut?

Karena sejarah menunjukkan:

pemimpin bisa punya niat baik, 

Tetapi sistem di bawahnya tetap bisa dimanfaatkan oleh orang yang niatnya tidak baik.

Kita bahkan melihat aparat penegak hukum terus membuka perkara yang melibatkan pejabat, pengusaha, maupun jaringan bisnis.

Contohnya, 
dalam perkara restitusi pajak KPP Madya Banjarmasin, KPK menyebut adanya dugaan pemberian sekitar Rp1,5 miliar terkait pengurusan restitusi pajak. Salah satu pegawai Grup Adaro juga telah diperiksa sebagai saksi. Namun penting dicatat: KPK belum menyatakan ADRO/AADI sebagai tersangka.

Kasus GOTO

 juga menunjukkan bagaimana sebuah perusahaan besar bisa muncul dalam perkara hukum yang melibatkan pihak lain. Tetapi sekali lagi, jangan mencampuradukkan perusahaan dengan status hukum orang atau perkara tertentu.



Jadi menurut say
, istilah yang lebih tepat bukan:

“Prabowo salah.”

Tetapi:

“Prabowo harus lebih keras terhadap orang-orang di sekelilingnya.”

Karena politik itu penuh dengan manusia yang pandai tersenyum di depan pemimpin.

Ada yang benar-benar membantu.

Ada yang hanya mencari posisi.

Ada yang mencari proyek.



Dan ada pula yang mungkin melihat program negara sebagai ladang pribadi.

Serigala tidak selalu datang dengan taring.
Kadang datang dengan jas, senyum, jabatan, dan laporan yang terlihat rapi.

Kalau Prabowo benar-benar ingin meninggalkan legacy besar, tantangannya bukan hanya membuat program sebesar-besarnya.

Tantangannya adalah memastikan uang rakyat tidak bocor di tengah jalan.

MBG harus menjadi program gizi, bukan program memperkaya oknum.

Kopdes harus menjadi mesin ekonomi desa, bukan mesin rente.

Dan orang-orang yang bermain di belakang layar harus berani dibersihkan—

siapa pun orangnya.




Karena kalau niat Presiden memang untuk rakyat, maka orang pertama yang harus takut bukan rakyat.

Melainkan para “serigala berbulu domba” yang hidup dari uang dan kebijakan negara.

$AADI $ADRO $GOTO 


buat postingan panjang gini biar ga banyak comment ,karena udah puyeng sendiri baca nya


intinya gini la. lu hujat 7 hari 7 malam tuh presiden ga perduli juga . 
mending focus pada apa yang bisa kmu hasilkan.
urusan di atas serahkan yang di atas .
yang tidak pernah tidur SEDETIK PUN .
ngapain kita yang pusing",,neutral,neutral,0.0,negation,esai politik,neutral
85,35505792,ADRO,"Semoga saudara saudara yang berada di sekitar Gunung Krakatau sehat dan aman semuanya.

$IHSG $ADRO $PTRO",,neutral,neutral,0.0,bull_bear,,neutral
86,35508409,ANTM,@aiko2303 gue berharap $ANTM bisa ARB bang....biar tambh muatan 😂😂😂🥳🥳🥳,aiko2303 gue berharap bisa arb bang biar tambh muatan,bearish,bearish,-1.0,bull_bear,wish ARB utk tambah muatan,
87,35509119,BBCA,"Selamat malam teman-teman semua 🌙

Seperti biasa, update dan insight terbaru mengenai saham-saham yang sedang menarik perhatian market saat ini sudah saya share di Stockbit @owennath, silakan dicek dan dibaca ya teman-teman.

Semoga bisa menjadi tambahan referensi dan bermanfaat untuk teman-teman semua. Selamat beristirahat teman-teman! 🙏

$BBRI $BBCA $BMRI",,neutral,neutral,0.0,no_hit,promo profil,neutral
88,35509425,BBCA,"Diskon terakhir!!

gak perlu panik cuma ambil nafas...

#Dyor   $BBCA $BBRI $TINS",diskon terakhir gak perlu panik cuma ambil nafas dyor,bullish,bullish,1.0,negation,reassurance dip,
89,35511201,GOTO,"$GOTO 2000 lot aku jual 75, masa jual rugi, barang nggak busuk juga, kalau yg di beli pisang bolehlah jual rugi kalau ada tanda busuk, lah goto laba udah muncul malah di jual rugi. bertahun tahun saya buka toko baru ketemu yg model beginian, ini investasi atau apa? seharusnya kan sederhana. ada orang jual tahu goreng, kita lihat prospeknya bagus tapi sekrang masih rugi karna pembeli nya belum ramai, kita support tambahin dia modal, lah giliran udah mulai untung kita jual bagian kita dengan merugi, nggak ngerti saya.",2000 lot aku jual 75 masa jual rugi barang nggak busuk juga kalau yg di beli pisang bolehlah jual rugi kalau ada tanda busuk lah goto laba udah muncul malah di jual rugi bertahun tahun saya buka toko baru ketemu yg model beginian ini investasi atau apa seharusnya kan sederhana ada orang jual tahu goreng kita lihat prospeknya bagus tapi sekrang masih rugi karna pembeli nya belum ramai kita support tambahin dia modal lah giliran udah mulai untung kita jual bagian kita dengan merugi nggak ngerti saya,bullish,bearish,-1.0,negation,"belain GOTO (laba muncul) — 'rugi/busuk' milik kalimat lain, lexicon kebalik",
90,35511678,BBCA,$BBCA ad ad aj ni nasib king dibilang belok.. lurusin lg ndar hari ini... 🤟😁🤘,ad ad aj ni nasib king dibilang belok lurusin lg ndar hari ini,neutral,neutral,0.0,no_hit,meme,bullish
91,35513070,BBRI,"$BBRI terus kalo AK jualan kenapa? takut amat, kalo turun ya tinggal tambah muatan lah bingung amat",terus kalo ak jualan kenapa takut amat kalo turun ya tinggal tambah muatan lah bingung amat,bullish,bearish,-1.0,bull_bear,dismiss jualan + tambah muatan — lexicon kebalik,
92,35514175,GOTO,$GOTO gerak bangun dong mau turun turun naik naik investor butuh kepastian,gerak bangun dong mau turun turun naik naik investor butuh kepastian,neutral,neutral,0.0,bull_bear,,neutral
93,35514221,BBRI,"$BBRI BBRI hari ini ditutup melemah Rp.20 atau turun -0.59% di level harga 3,370. Nilai transaksi hari ini tercatat Rp.67.10 miliar, jauh di bawah rata-rata aktivitas transaksi sangat sepi. Volume mengering secara konsisten ini bisa menjadi tanda akumulasi diam oleh institusi sebelum pergerakan besar. Harga berada di atas VWAP +5.2% dan VWAP sendiri sedang naik ini adalah kondisi ideal, menunjukkan momentum positif yang solid. Pergerakan 5 hari terakhir masih positif +3.7%. RSI di level 68.0 harga dalam kondisi bullish namun mulai mendekati area jenuh beli. Momentum masih positif. Tren jangka pendek BBRI saat ini berada dalam kondisi uptrend yang kuat harga di atas semua EMA utama (10, 20, 40). Harga bergerak dalam kisaran support 3,100 dan resistance 3,440. MACD masih berada di area positif momentum beli masih terjaga. Dalam 5 hari terakhir asing akumulasi Rp.1,062.02 miliar dan tren 25 hari juga positif dukungan asing cukup solid.",bbri hari ini ditutup melemah rp 20 atau turun 0 59 di level harga 3 370 nilai transaksi hari ini tercatat rp 67 10 miliar jauh di bawah rata rata aktivitas transaksi sangat sepi volume mengering secara konsisten ini bisa menjadi tanda akumulasi diam oleh institusi sebelum pergerakan besar harga berada di atas vwap 5 2 dan vwap sendiri sedang naik ini adalah kondisi ideal menunjukkan momentum positif yang solid pergerakan 5 hari terakhir masih positif 3 7 rsi di level 68 0 harga dalam kondisi bullish namun mulai mendekati area jenuh beli momentum masih positif tren jangka pendek bbri saat ini berada dalam kondisi uptrend yang kuat harga di atas semua ema utama 10 20 40 harga bergerak dalam kisaran support 3 100 dan resistance 3 440 macd masih berada di area positif momentum beli masih terjaga dalam 5 hari terakhir asing akumulasi rp 1 062 02 miliar dan tren 25 hari juga positif dukungan asing cukup solid,bullish,bullish,0.6,bull_bear,"akumulasi diam, atas VWAP",
94,35515202,UNTR,"$EMTK Sabarin aja biasanya gantian, saham yg belum naik akan naik. Kalau Dikasih harga balik dibawah 500, kumpulin lagi pelan-pelan.
$TBLA$UNTR",,bullish,neutral,0.0,negation,rencana kumpulin <500,bullish
95,35515897,BMRI,$BMRI maklum blom sarapan ini,maklum blom sarapan ini,neutral,neutral,0.0,no_hit,,neutral
96,35515929,UNTR,"$ARKO

Saya kasi tau ya, saham ini valuasinya premium, lebih ke arah gak ngotak sih, ya macam $BREN di puncaknya gitu lah...

Supportnya di sekitar 1.890.
Memang ada Happy Hapsoronya tapi avgnya di 1.100 an.
Memang ada Astra-nya melalui $UNTR tapi avg mereka di 280an.

Mending cutloss dulu skrg, tunggu di kepala 1.
Daripada kalian nahan loss berdarah2 sampai ke support 1.890.

Saya cutloss lumayan besar di saham ini beberapa waktu lalu, karena gak likuid jadi ya cutlossnya gak bisa berharap rebound tinggi.

Bukannya saya nyari teman buat sama2 mengalami kerugian.
Just be wish, trading itu lebih baik cutloss dari avg down.

'Tapi saya mau invest bang'

Invest ya enggak di saham macam ini ya saudara2.
Itu akuisisi endorshine juga gak di beberkan berapa nilai nya, berarti akuisisi nya itu di bawah 20% dsri total ekuitas perusahaan.

Total ekuitasnya ARKO cuman Rp 500 Milyaran.
Jadi ya Endorshine itu murah banget 😂

Coba cek berapa marketcap ARKO ?",tapi avg mereka di 280an mending cutloss dulu skrg tunggu di kepala 1 daripada kalian nahan loss berdarah2 sampai ke support 1 890 saya cutloss lumayan besar di saham ini beberapa waktu lalu karena gak likuid jadi ya cutlossnya gak bisa berharap rebound tinggi bukannya saya nyari teman buat sama2 mengalami kerugian just be wish trading itu lebih baik cutloss dari avg down tapi saya mau invest bang invest ya enggak di saham macam ini ya saudara2 itu akuisisi endorshine juga gak di beberkan berapa nilai nya berarti akuisisi nya itu di bawah 20 dsri total ekuitas perusahaan total ekuitasnya arko cuman rp 500 milyaran jadi ya endorshine itu murah banget coba cek berapa marketcap arko,neutral,bearish,-1.0,bull_bear,bearish-nya $ARKO; UNTR cuma faktual — bocor,
97,35516237,GOTO,$GOTO katanya senin gerak tapi masih tidur aja ini ?,katanya senin gerak tapi masih tidur aja ini,bearish,neutral,0.0,no_hit,kecewa stagnant,neutral
98,35516862,BBRI,"$BBRI menuju ke 3 ribu lagi.. 
bha.. ha... haaaa.... 😂",menuju ke 3 ribu lagi bha ha haaaa,bearish,neutral,0.0,no_hit,mocking turun ke 3rb — sarkas gak kebaca,bearish
99,35517246,BBRI,$BBRI nyicil nyicil,nyicil nyicil,bullish,neutral,0.0,no_hit,nyicil = akumulasi,neutral
100,35517526,BUMI,$BUMI terus merangkak menuju 250. Yang pasang sell coba minggir dulu kasih jalan bandar mau lewat. 😀,terus merangkak menuju 250 yang pasang sell coba minggir dulu kasih jalan bandar mau lewat,bullish,bearish,-1.0,bull_bear,merangkak menuju 250 — FP lexicon (kata 'sell'),
101,35517801,BUMI,$BUMI capek bgt ngekos🥲,capek bgt ngekos,neutral,neutral,0.0,no_hit,"capek ngekos, tanpa arah",bearish
102,35517964,ADRO,data center emg ga butuh $BAUT $SMGR giant sea wall $ADRO,,neutral,neutral,0.0,no_hit,meme,neutral
103,35518114,BUMI,"$BUMI
busett.... dh langsung pada buang barang aja wkwkw 
biarkan dia naik dl",busett dh langsung pada buang barang aja wkwkw biarkan dia naik dl,mixed,bullish,1.0,bull_bear,buang barang + biarkan naik,
104,35518157,GOTO,ara 35 arb 15 nya jadi nya kapan nih $GOTO 😩,ara 35 arb 15 nya jadi nya kapan nih,neutral,neutral,0.0,bull_bear,,neutral
105,35518353,TLKM,"$TLKM saham bumn termiris
naik segan turun terus",saham bumn termiris naik segan turun terus,bearish,neutral,0.0,bull_bear,"termiris, turun terus — cancel (naik+turun)",bearish
106,35518446,BMRI,"saya jual $BMRI di 4430 130 lot. 
sekarang beli lagi di harga 4380 130 lot. 
untung 50k buat beli kopi. lot juga gak berkurang🤣
seharusnya untung 600k tapi gara cutloss di $ADMR jadi tinggal 50k...🙃",saya jual di 4430 130 lot sekarang beli lagi di harga 4380 130 lot untung 50k buat beli kopi lot juga gak berkurang seharusnya untung 600k tapi gara cutloss di,neutral,bearish,-1.0,bull_bear,"narasi trading profit kecil — FP lexicon ('jual','cutloss')",
107,35518920,BUMI,$BIPI woiii bipi $BUMI udah kepala dua lu gak mau nyusul? bangunn lah woii,udah kepala dua lu gak mau nyusul bangunn lah woii,bullish,neutral,0.0,no_hit,ajak nyusul naik,bullish
108,35518940,BUMI,$BUMI sabar yak buat di kepala 3-4 kita otw🚀,sabar yak buat di kepala 3 4 kita otw,bullish,neutral,0.0,no_hit,otw kepala 3-4,bullish
109,35519333,GOTO,$GOTO saham sampah mending delisting aja,saham sampah mending delisting aja,bearish,neutral,0.0,no_hit,"'sampah','delisting' — lexicon buta",bearish
110,35519480,BUMI,$BUMI Ara......,ara,bullish,bullish,1.0,bull_bear,,
111,35519551,BUMI,$BUMI apa ini guru... bumi gonjang ganjing..,apa ini guru bumi gonjang ganjing,neutral,neutral,0.0,no_hit,,bearish
112,35519622,BUMI,$BUMI akan gw tunggu lo sampe balik ke 500 lagi kek tahun lalu bum... mimpi basah di siang bolong kagak apa2.. uang dingin nih dah mau 1 tahun nyangkut😁😆🤣alumni 450 wkwk,akan gw tunggu lo sampe balik ke 500 lagi kek tahun lalu bum mimpi basah di siang bolong kagak apa2 uang dingin nih dah mau 1 tahun nyangkut alumni 450 wkwk,neutral,neutral,0.0,no_hit,"mimpi bagholder, bukan stance",bearish
113,35519632,BUMI,$BUMI gokillll,gokillll,neutral,neutral,0.0,no_hit,gokil tanpa konteks arah,bullish
114,35519646,BUMI,$BUMI dari mines 50% jadi segini allhamdulilah,dari mines 50 jadi segini allhamdulilah,neutral,neutral,0.0,no_hit,relief P&L pribadi,bullish
115,35519698,BUMI,$BUMI bagger lagi😇,bagger lagi,bullish,neutral,0.0,no_hit,bagger lagi,bullish
116,35519802,BUMI,$BUMI akankah naik sampai 350,akankah naik sampai 350,neutral,bullish,1.0,bull_bear,"pertanyaan, bukan klaim",
117,35519888,BMRI,"$BMRI Nyesel sih kemarin gk tp di harga 4,460 , akhirnya tp di harga 4,380 , tunggu turun dulu, nanti masuk lagi.",nyesel sih kemarin gk tp di harga 4 460 akhirnya tp di harga 4 380 tunggu turun dulu nanti masuk lagi,neutral,bearish,-1.0,bull_bear,narasi TP + re-entry — FP ('turun'),
118,35519989,BUMI,"$MDIA $BUMI lagi balapan , Yuk siapa yang duluan ke finish 240✈️💸",lagi balapan yuk siapa yang duluan ke finish 240,bullish,neutral,0.0,no_hit,race ke 240,bullish
119,35520072,BBRI,"$BMRI
$BBRI
$BSSR

Orang2 ribut bandingin dividen...
Kita mah nunggu aja sambil ngopi
Asikin ajalah, toh ujung2nya rugi untung anda yang nanggung sendiri

Asiikk banyak keributan distream
saatnya ngumpulin saham murah
🤣🤣🤣",,bullish,neutral,0.0,bull_bear,ngumpulin murah,bullish
120,35520209,BUMI,$BUMI Ayo bummm jemput w hari ini/besok 240 🙈,ayo bummm jemput w hari ini besok 240,neutral,neutral,0.0,no_hit,bagholder jemput,bullish
121,35520317,BBCA,$BBCA yaelah merah lagi,yaelah merah lagi,bearish,bearish,-1.0,bull_bear,,
122,35520325,BBRI,"$IHSG

LK bagus turun price actionnya 

Kalo LK MINUS EKUITAS MINUS BULL PRICE ACTIONNYA 

ada yang pernah perhatiin ini ? 

Random tag $BBYB
$BBRI",,neutral,neutral,0.0,bull_bear,pola observasi,neutral
123,35520703,BUMI,$BUMI jemput plis hahaha,jemput plis hahaha,neutral,neutral,0.0,no_hit,,bullish
124,35520956,BUMI,$BUMI pelan tapi party 🎉,pelan tapi party,bullish,neutral,0.0,no_hit,pelan tapi party = naik,bullish
125,35520985,INCO,$INCO inco mah bias disaat saham2 nikel gacor dia jalan di tempat,inco mah bias disaat saham2 nikel gacor dia jalan di tempat,bearish,bullish,1.0,bull_bear,'gacor' milik emiten lain — atribusi salah,
126,35521175,BUMI,"3 yang lagi floating loss di call-an grup kita dari total 53 yang masih running yang dimana ada yang masih nunggu area entry ada yang udah floating profit, banyak dari mereka lagi di floating profit masih nunggu area target, beberapa juga udah ada yang di close bahkan ada 13 yang kena SL selama ini, bahkan $PPRE juga ini mendekati SL $BBSS juga mendekasi SL tapi aman harusnya sangat jauh presentase profit dibandingkan loss nya, disitu juga ada dasbord real ya wr 75% itu bukan yang emang di edit tapi hasil daripada seluruh trading plan yang kita buat, jadi intinya apa? ya hoky ajah

RT $BUMI",,neutral,neutral,0.0,bull_bear,,neutral
127,35521353,BMRI,"Semua kebijakkan udh memihak ke Danantara. 
Semua Alat nya sudah siap. 
Bahan Baku nya juga melimpah sangat melimpah. 
Dunia sedang tidak baik saja , hanya kita yang stabil karena kita memiliki anugrah terindah Tuhan lewat letak geografis.. 
. 
All In , semua emiten komoditas akan naik kencang 2027..
. 
semua emiten dengan fundamental bagus akan sangat ngebut dari bulan 10-11 sampai 2027 dan entah kapan kalau misalnya retail solid dan biarkan bandar & membernya pada keluar mainin harga banting2.  pasang aja tembok besar di bid nya sebanyak banyaknya... 
. 
itu ajasi cara ngalahin bandar yang suka pump n dump.. 
. 
beli saham itu bukan kaya jual beli barang bekas yang berharap profit ataupun rugi dalam jangka waktu singkat... 
 . 
hold apapun badainya , sekencang dentuman krakatau pun lonjakkannya hold biar sehat market IHSG... 
.
Sabar , kalau gapunya duit jangan maksa masuk banyak rutin aja masukkin 100rb/bln di saham yang fundamental bagus dan masih murah PBV dan rendah PER / ROE nya... 
. 
Tutup Keran jual dulu saat ini... 
Kecuali ada trend bisnis yang lagi turun harganya serok... stop jual dulu... 
beli yang murah, koreksi sebesar apapun.. semuanya udh siap.. istilah kata mah tinggal nunggu jadwal ngegasnya... 
.
mau judi/scalping di memecoin aja dulu lagi bagus disana market nya dan banyak bocah fomo yang belum stabil dan minim informasi ... hanya kaya fomo Pokemon Card aja... 
. 
GAS IHSG $TLKM $PGEO $BMRI",,bullish,neutral,0.0,bull_bear,all in komoditas 2027,neutral
128,35521474,BUMI,"$BUVA semoga ngga ada informasi untuk memundurkan jadwal RI aja, jangan katanya yang harga 50 bisa turun tau tau informasi mundur kan ngga lucu 

$BUMI $CUAN",,neutral,neutral,0.0,bull_bear,"worry-nya BUVA, BUMI cuma tag",bearish
129,35521527,TLKM,$TLKM akumulasi terus yang gak kuat silahkan cut loss,akumulasi terus yang gak kuat silahkan cut loss,bullish,bullish,1.0,bull_bear,,
130,35521784,BMRI,"$SGER sepertinya AK nya siap2 buang kah ini? Atau mau di breakout, ini kalau breakout pasti kenceng banget nih. Yang suka scalping2 perlu dipantau terus saham ini! Cek terus transaksi jumbo di idx radar.

 $PRDL 
 $BMRI",,neutral,neutral,0.0,bull_bear,"SGER talk, BMRI tag",neutral
131,35521972,BUMI,$BUMI kalo hari ini ga jebol < 216 kemungkinan jadi support kuat... tapi kalo jebol bisa balik ke 208-210... biasanya hari kedua-ketiga setelah kenaikan drastis sudah terlihat harga terendahnya sebelum lanjut naik...,kalo hari ini ga jebol 216 kemungkinan jadi support kuat tapi kalo jebol bisa balik ke 208 210 biasanya hari kedua ketiga setelah kenaikan drastis sudah terlihat harga terendahnya sebelum lanjut naik,bullish,bullish,1.0,bull_bear,teknikal: lanjut naik,
132,35522169,BUMI,"sial gw masuk di $BUMI mending masuk $ARCI




 $ABDA",sial gw masuk di mending masuk,bearish,neutral,0.0,no_hit,'sial' masuk BUMI,bearish
133,35522182,INCO,Penyampaian Materi Public Expose - Tahunan [INCO],Penyampaian Materi Public Expose - Tahunan [INCO],neutral,neutral,0.0,no_hit,announcement repost,neutral
134,35522334,BUMI,"$BUMI kenapa udah beli bumi kena stop loss, pas gak beli naik 😅😂",kenapa udah beli bumi kena stop loss pas gak beli naik,bearish,bearish,-1.0,negation,,
135,35522414,BUMI,"$BUMI harga Coal naik tinggi, Q3 dan Q4 pasti meledak",harga coal naik tinggi q3 dan q4 pasti meledak,bullish,bullish,1.0,bull_bear,,
136,35522552,BUMI,"$BUMI sudah dibilang jangan keburu FOMO naik naik ayo beli beli, eh tahunya beli di pucuk kalian... Apa kabar sangkuters di 225 wkwkwk",sudah dibilang jangan keburu fomo naik naik ayo beli beli eh tahunya beli di pucuk kalian apa kabar sangkuters di 225 wkwkwk,bearish,bullish,1.0,bull_bear,SARKAS mock FOMO — FP lexicon ('naik naik beli beli'),
137,35522747,BUMI,"$BUMI secara history bumi break dari area konsolidasi weekly, resistance selanjutnya daily resistance di 230. Tolong koreksinya suhu #CMIIW #DYOR",secara history bumi break dari area konsolidasi weekly resistance selanjutnya daily resistance di 230 tolong koreksinya suhu cmiiw dyor,bullish,neutral,0.0,no_hit,breakout konsolidasi weekly,bullish
138,35522970,BUMI,$BUMI turun kan 😅,turun kan,bearish,bearish,-1.0,bull_bear,,
139,35523054,BBRI,"@ArdiSeptiawan 
 menurut saya, 
target akhirnya bukan cuma kuat menghadapi tekanan 


Tapi bagaimana modal bisa terus compounding dalam jangka panjang.

Karena kalau fokusnya cuan cepat, 
mental yang diuji terus.

Kalau fokusnya compounding, 
kita belajar lebih sabar: jaga modal, cari return yang masuk akal, lalu biarkan waktu yang bekerja.


Biar yang bekerja bukan cuma kita… 
tapi uang kita juga. $BBRI $BULL $PTRO",ardiseptiawan menurut saya target akhirnya bukan cuma kuat menghadapi tekanan tapi bagaimana modal bisa terus compounding dalam jangka panjang karena kalau fokusnya cuan cepat mental yang diuji terus kalau fokusnya compounding kita belajar lebih sabar jaga modal cari return yang masuk akal lalu biarkan waktu yang bekerja biar yang bekerja bukan cuma kita tapi uang kita juga,neutral,bullish,1.0,bull_bear,reply filosofi generic,
140,35523398,BUMI,"https://youtu.be/LDB7yJBaITQ?si=2rMwuzDubb5GBIo1


Random tag: $AKRA $BUMI $CUAN",,neutral,neutral,0.0,no_hit,link YT tag,neutral
141,35523613,BUMI,$BUMI Alamak 500🥶💸💸💸💸💸,alamak 500,neutral,neutral,0.0,no_hit,nostalgia 500,bearish
142,35523656,BBCA,$BBCA ada issue apalagi?,ada issue apalagi,neutral,neutral,0.0,no_hit,,neutral
143,35523928,ADRO,lagi nungguin IHSG MAU RONTOK SELL SELL SELL $ADMR $ADRO $AADI,,bearish,neutral,0.0,bull_bear,rontok + sell sell sell,bearish
144,35524106,BBRI,$BBRI yuk asing jual barang yuk turun dulu di area ini ya biar saya nambah muatan dan memperbaiki AVG saya,yuk asing jual barang yuk turun dulu di area ini ya biar saya nambah muatan dan memperbaiki avg saya,bearish,bearish,-1.0,bull_bear,wish turun utk nambah muatan,
145,35524622,BMRI,$BMRI Dividen Pay Date nya kapan Guys ?,dividen pay date nya kapan guys,neutral,neutral,0.0,no_hit,,neutral
146,35524807,BBRI,"$IHSG $BUMI

BRI - 0516 0102 0911 535
BSI - 1050246128
JAGO - 503529606567
https://saweria.co/skyova","$IHSG $BUMI

BRI - 0516 0102 0911 535
BSI - 1050246128
JAGO - 503529606567
https://saweria.co/skyova",neutral,neutral,0.0,no_hit,donasi link,neutral
147,35524864,BMRI,"$BMRI 1. Tren Utama & Price Action (Mulai Menguji Resistance Konsolidasi)
Status Tren: BMRI bergerak naik secara perlahan sejak menyentuh titik terendahnya (bottoming) di kisaran Rp3.600–Rp3.750 pada pertengahan Juni. Pergerakannya tergolong stabil dan saat ini sedang tertahan di kisaran area Rp4.400 – Rp4.500.

Harga vs MA 12 (4.201): Harga penutupan berada di Rp4.390 (+0,68%). Posisi candlestick bergerak konsisten di atas garis dinamis MA 12 (Rp4.201) yang melengkung ke atas, menandakan tren penguatan jangka pendek hingga menengah masih terjaga.

Area Support & Resistance:

Support Terdekat: Rp4.200 – Rp4.250 (Garis MA 12 dan area retest sebelumnya).

Support Kedua: Rp4.000 (Level psikologis kuat).

Resistance Terdekat: Rp4.500 (Puncak konsolidasi bulan Juli–Agustus).

Resistance Selanjutnya: Rp4.800 – Rp5.000 (Area puncak bulan Maret–April).

2. Indikator Teknikal
Net Foreign Buy/Sell: Terlihat terjadi net sell asing sebesar -Rp33,27 Miliar pada candle terakhir setelah periode akumulasi sebelumnya. Tekanan jual asing minor ini yang menahan BMRI untuk menembus Rp4.500.

MACD: Garis MACD berada di atas garis nol dengan histogram bernilai positif, mengonfirmasi momentum bullish yang masih bergerak positif meskipun mulai melandai.

Stochastic (14, 3, 3): Berada di level 74.3 / 68.2. Indikator ini bergerak naik menuju area jenuh beli (overbought >80), menunjukkan daya beli masih ada namun ruang peningkatannya mulai mendekati area tertahannya harga.

Kesimpulan & Karakter Pergerakan BMRI
Saham Sektor Perbankan Lapis Pertama (Big Banks): Karakter BMRI adalah saham heavyweight penggerak IHSG. Pergerakannya tidak secepat/sevolatil saham komoditas seperti BUMI atau PTBA, tetapi jauh lebih terukur, likuid, dan stabil.

Kondisi Saat Ini: Sedang menguji benteng resistance di Rp4.500. Jika BMRI mampu breakout dari Rp4.500 dengan inflow asing kembali masuk, potensi penguatan menuju Rp4.800 terbuka lebar.

Rencana Aksi (Trading Strategy)
Untuk Swing Trader:

Wait & See / Buy on Breakout: Beli jika harga ditutup konsisten di atas Rp4.500 dengan volume yang meningkat.

Buy on Weakness (BoW): Opsi paling ideal adalah menunggu koreksi sehat mendekati area garis MA 12 di Rp4.200 – Rp4.280.

Target Price (TP): Rp4.500 (TP1) dan Rp4.800 (TP2).

Stop Loss (SL): Rp4.150 (Jika jebol dari garis MA 12).",1 tren utama price action mulai menguji resistance konsolidasi status tren bmri bergerak naik secara perlahan sejak menyentuh titik terendahnya bottoming di kisaran rp3 600 rp3 750 pada pertengahan juni pergerakannya tergolong stabil dan saat ini sedang tertahan di kisaran area rp4 400 rp4 500 harga vs ma 12 4 201 harga penutupan berada di rp4 390 0 68 posisi candlestick bergerak konsisten di atas garis dinamis ma 12 rp4 201 yang melengkung ke atas menandakan tren penguatan jangka pendek hingga menengah masih terjaga area support resistance support terdekat rp4 200 rp4 250 garis ma 12 dan area retest sebelumnya support kedua rp4 000 level psikologis kuat resistance terdekat rp4 500 puncak konsolidasi bulan juli agustus resistance selanjutnya rp4 800 rp5 000 area puncak bulan maret april 2 indikator teknikal net foreign buy sell terlihat terjadi net sell asing sebesar rp33 27 miliar pada candle terakhir setelah periode akumulasi sebelumnya tekanan jual asing minor ini yang menahan bmri untuk menembus rp4 500 macd garis macd berada di atas garis nol dengan histogram bernilai positif mengonfirmasi momentum bullish yang masih bergerak positif meskipun mulai melandai stochastic 14 3 3 berada di level 74 3 68 2 indikator ini bergerak naik menuju area jenuh beli overbought 80 menunjukkan daya beli masih ada namun ruang peningkatannya mulai mendekati area tertahannya harga kesimpulan karakter pergerakan bmri saham sektor perbankan lapis pertama big banks karakter bmri adalah saham heavyweight penggerak ihsg pergerakannya tidak secepat sevolatil saham komoditas seperti bumi atau ptba tetapi jauh lebih terukur likuid dan stabil kondisi saat ini sedang menguji benteng resistance di rp4 500 jika bmri mampu breakout dari rp4 500 dengan inflow asing kembali masuk potensi penguatan menuju rp4 800 terbuka lebar rencana aksi trading strategy untuk swing trader wait see buy on breakout beli jika harga ditutup konsisten di atas rp4 500 dengan volume yang meningkat buy on weakness bow opsi paling ideal adalah menunggu koreksi sehat mendekati area garis ma 12 di rp4 200 rp4 280 target price tp rp4 500 tp1 dan rp4 800 tp2 stop loss sl rp4 150 jika jebol dari garis ma 12,bullish,bullish,0.67,bull_bear,teknikal naik perlahan,
148,35524896,ANTM,"$ANTM ini mainnya akhir tahun btw wkwk, jadi kalo sekarang ya bisa turun naik. tapi kemungkinan bulan ini sama depan turun dulu 

RT $LSIP $PTBA",ini mainnya akhir tahun btw wkwk jadi kalo sekarang ya bisa turun naik tapi kemungkinan bulan ini sama depan turun dulu rt,bearish,neutral,-0.33,bull_bear,turun dulu bulan ini,neutral
149,35525105,BUMI,$BUMI $MSJA sebelum telat,,bullish,neutral,0.0,no_hit,'sebelum telat' = buy call,bullish
150,35525153,BBCA,"Di bursa saham dengan segala situasi dan kondisi di Republik ini.

Saya lebih seneng akumulasi model² saham kaya SOCI, sepi, tidak rame Streamer atau Influencer, tidak ada tukang pom², tidak ada orang² dengan komen ARA KAN NDARRR dan sebagainya.

Yang terpenting bagi saya, emitennya kerja bener dan bagus di bisnis yang beroperasinya.

Persiapan TP 3 untuk SOCI, List TP bisa cek disini ⤵️
https://stockbit.com/post/33902583

Signal SOCI, bisa cek postingan ini ⤵️
https://stockbit.com/post/21165242

Random Tags : $BBCA $BBRI",di bursa saham dengan segala situasi dan kondisi di republik ini saya lebih seneng akumulasi model saham kaya soci sepi tidak rame streamer atau influencer tidak ada tukang pom tidak ada orang dengan komen ara kan ndarrr dan sebagainya yang terpenting bagi saya emitennya kerja bener dan bagus di bisnis yang beroperasinya persiapan tp 3 untuk soci list tp bisa cek disini signal soci bisa cek postingan ini random tags,neutral,bullish,1.0,bull_bear,"pujian = milik $SOCI, BBCA cuma tag — bocor",
